helge	1
finans	-1
strengere	-1
helga	1
straffespark	-1
beløp	1
champions	1
søker	1
skjul	1
krangel	-1
florida	-1
eldste	1
tilstanden	-1
tyder	1
verdt	1
arthur	-1
topps	1
kroner	1
materiale	-1
fraktet	-1
kjøtt	1
vanligvis	-1
gjelder	-1
overtok	1
opprettholde	1
torsdagens	1
annonseselger	0
unntak	1
raste	-1
john	1
produkter	1
mennesker	-1
klima	1
grei	1
kristoffer	1
finale	1
timen	-1
grep	1
times	-1
timer	-1
manga	-1
bekymring	-1
keeperen	1
skjermen	1
arbeidskraft	1
stengte	-1
tone	1
januar	1
avsluttet	1
avsluttes	1
avslutter	1
redaksjonen	-1
tonn	-1
vraket	-1
smiler	1
red	1
sjekk	1
tomt	1
legene	-1
smått	1
kandidat	1
ren	1
parter	1
misfornøyd	-1
debut	1
allierte	0
naturlig	1
kampanje	-1
papir	1
klikk	-1
etterspørselen	1
advarsel	-1
havnet	-1
stadion	1
hordaland	-1
ingenting	-1
ambassaden	-1
observert	-1
damer	1
økende	1
derpå	-1
samtale	1
tony	-1
jan	1
runar	1
sikkert	1
forhandlinger	-1
opplysningene	1
kjøpt	1
konflikter	-1
morgen	-1
oppstår	-1
planlegger	-1
konflikten	-1
topp	1
utstyrt	-1
femte	1
sparta	1
morges	-1
medalje	1
pappa	1
høyst	1
beskytte	-1
personbil	0
truer	-1
vadsø	0
versjon	1
truet	-1
bakgrunnen	1
halvannet	1
forsinket	-1
innenfor	1
kjøpe	1
tjente	1
halvannen	-1
rammet	-1
rammes	-1
dagfinn	1
medier	1
rammer	-1
kommune	-1
havner	-1
psykiske	-1
minuttene	1
virke	1
vegard	1
span	0
stemmene	-1
forklare	-1
veier	-1
grad	1
problemene	-1
veien	1
karasjok	0
nybygg	0
moren	-1
helgens	-1
nordsjøen	-1
rbk	-1
forklart	-1
gran	-1
hege	1
utgave	-1
erlend	1
gram	1
chris	1
underveis	1
bjarte	1
trygghet	1
bakken	-1
fortelle	-1
kjørt	-1
hytter	1
steinkjer	-1
overtid	1
andres	1
avhørt	0
helle	1
oppslutning	-1
meteren	1
eksisterer	0
europas	1
dine	1
innslag	1
ran	-1
navigator	0
kjøre	1
tore	1
royal	-1
tillegg	1
økonomien	-1
ukraina	-1
brown	1
lillehammer	1
rad	1
daglige	1
fredrik	1
vanskelig	1
vann	1
rock	1
bykle	0
jobb	1
internett	1
viktigere	1
vant	1
størst	1
glade	1
hverdagen	-1
helt	1
hjørnet	1
bordet	1
menn	-1
vegårshei	0
ros	1
større	-1
rom	1
arttittel	-1
ment	1
roy	1
presidentvalget	0
rente	-1
tilskuere	1
påstandene	0
gjengen	1
scene	1
angivelig	-1
sørlige	0
dyrt	-1
raskt	1
masterstudier	0
roar	1
bekjempe	-1
flyr	-1
nærmest	1
forskning	1
framtiden	-1
joe	1
løft	1
operasjonsleder	-1
jon	1
nettkamera	0
senest	1
jos	1
vinguiden	0
dyre	1
analyse	1
fremtiden	1
sosial	-1
hele	1
riksvei	-1
høyre	-1
teste	1
fange	-1
nødhjelp	0
overta	1
hell	1
helg	1
vanvittig	1
jentene	1
nærmere	1
informasjon	1
rampelys	0
dypt	-1
helst	1
senere	1
budsjettet	1
kompetanse	1
mest	1
får	1
jim	1
anita	1
kjører	1
komplett	-1
helse	1
overlevde	0
overtar	-1
valget	1
politi	-1
danielsen	1
overskudd	1
merk	-1
hareide	1
sentralbanken	0
resultatene	1
riktignok	1
ansvarlige	-1
lovlig	-1
sentral	1
villige	1
helikopteret	-1
mannlige	-1
trygge	1
indexof	0
nettradio	0
tilsvarer	-1
raske	1
emner	-1
innenriks	1
nær	1
utgifter	-1
bosatt	-1
indeksen	0
valg	1
indekser	0
tanke	1
giftet	-1
børsene	0
super	1
inntekter	1
fotball	1
støttet	-1
rio	1
alltid	1
støtter	1
budsjett	-1
lavere	-1
sven	1
straffe	-1
støtten	1
afghanske	0
medhold	0
isen	-1
uttaler	1
offer	-1
fremdeles	1
biskop	1
rik	1
uttalt	-1
håpet	1
håper	1
torsken	0
lyngdal	0
nøye	1
gangen	1
statistikken	-1
vakt	-1
flukt	0
uttale	-1
konferanse	0
høvåg	0
tittel	1
stenger	-1
konsekvenser	-1
partene	1
glimt	1
firmabil	0
forholdsvis	1
rekord	1
arena	-1
publikum	1
billetter	1
følgende	1
audun	1
skjer	1
forsker	1
tredje	1
narkotika	-1
fordeler	1
system	1
nederlandske	-1
sportssjef	1
tøffe	-1
iraks	0
tittelen	1
nedover	-1
innholdet	1
preg	1
ropte	-1
fremstår	1
viruset	0
signe	1
toget	-1
svar	1
press	-1
aktuelle	1
kveld	1
påvirket	-1
charles	-1
sorg	-1
odds	1
utført	-1
huseklepp	1
perry	1
løpende	1
påvirker	-1
oppsummering	-1
svak	-1
gjennomsnittlig	1
tilgang	1
understreket	1
obama	1
understreker	1
artister	1
forvaring	1
drevet	-1
søkte	-1
medium	0
redaktør	1
avklart	1
jorda	1
tekniske	1
world	1
vare	1
realiteten	1
befant	-1
overhodet	-1
sentralbord	-1
samarbeide	-1
smerter	-1
elektronisk	-1
carl	-1
tyskerne	1
skuespiller	1
kolliderte	-1
tilfellet	1
rss	1
københavn	1
tilfeller	1
kriminalitet	-1
filmer	1
prix	-1
spare	1
rønning	1
vist	1
minutter	1
kjenner	1
bjørgen	1
norske	-1
absolutt	1
viss	1
hjemlandet	-1
aftenblad	-1
dekke	-1
religiøse	-1
vise	1
pris	1
godkjente	0
varm	1
europeisk	1
filmen	1
forklaringen	-1
sparer	1
kvinesdal	0
sone	-1
qaida	0
solide	1
cato	1
ringer	1
arbeidsgiver	1
ulovlige	-1
sogndal	1
ryggen	1
imponerende	1
spurte	-1
bjørnebye	1
første	1
sony	1
alarm	0
artbyline	-1
åpne	1
vunnet	1
skadd	-1
krevende	1
skade	-1
inntrykk	1
nilssen	1
likhet	1
utenom	1
hendene	-1
elevene	1
karakter	1
høyest	-1
vitner	1
kraftig	-1
sak	-1
giske	1
erfaringer	1
utvalget	1
morgenen	-1
betalt	-1
eøs	0
nødvendige	1
skadene	-1
drive	-1
rapport	-1
morgan	-1
avslørt	-1
sola	-1
låne	1
omgangen	1
likt	-1
grove	-1
betale	-1
portrett	0
russerne	-1
landets	1
væpnet	0
uttrykk	1
statens	-1
importørliste	0
like	1
grovt	-1
poenget	-1
san	1
sas	-1
høyere	1
soma	-1
børsen	1
formelt	-1
billett	-1
midtbane	1
origo	1
linn	1
kombinasjon	-1
jord	1
mandag	-1
mennene	-1
mandal	-1
madrid	1
link	0
utnytte	1
overraskende	1
knyttet	1
line	-1
kamera	1
tove	1
hånd	1
beholde	1
stadig	-1
unnskyldning	-1
nødt	1
opptatt	1
balanse	1
karrieren	1
vedkommende	1
veteranen	1
jobbe	1
armen	-1
mourinho	1
hindre	-1
drar	1
stoff	-1
andel	-1
sjette	1
drap	-1
valgte	1
nærmer	1
røkke	1
offentliggjort	-1
nasjonalforsamlingen	0
mamma	1
tilliten	1
indiske	0
dagsavisen	-1
tour	1
avslutning	1
sogn	-1
grensen	1
omgang	1
grenser	1
etablerte	1
tandberg	1
viktigste	1
bjarne	1
dekker	1
skaper	-1
høydepunkter	-1
slett	1
sjekket	-1
funn	-1
støre	1
kvartfinalen	1
dekket	-1
uttalte	1
moskva	-1
ferske	1
oppnå	1
jens	1
identitet	1
venstre	1
jørgen	1
fullført	0
robert	1
ledende	1
omkommet	-1
sykdom	-1
jæren	-1
liga	1
celtic	1
pasienter	1
trenere	1
oppdatert	-1
innvandrere	-1
pasienten	-1
branns	1
leserne	1
motsatt	-1
media	1
største	1
samle	1
fjell	-1
overganger	-1
skottland	-1
overgangen	1
justisminister	-1
dårligste	-1
full	1
lerkendal	-1
parken	1
glass	1
oversikt	1
august	1
rtha	0
beskjeden	1
neste	1
åpen	1
arbeiderpartiets	-1
sjansen	1
landene	1
glipp	-1
opprinnelig	1
sjanser	1
hvorav	-1
nådde	1
drev	-1
deltatt	-1
siktelsen	0
automatisk	1
upassende	-1
sperret	0
sentrum	-1
fysisk	1
etternavn	-1
group	-1
firmaet	1
paulsen	-1
rykker	-1
haukeland	-1
kim	1
rykket	-1
svindal	-1
libanon	0
fest	-1
fett	-1
sjekke	1
usikre	-1
administrerende	1
andr	1
partner	1
går	1
asker	1
black	-1
sjokkert	-1
vidt	1
cupen	1
landslag	1
wigan	-1
somalia	0
solgte	1
kripos	-1
enkelte	-1
lyon	1
rykter	-1
nødvendig	1
regne	1
årets	1
bakke	1
svensk	-1
utfordring	1
komiteen	-1
brenner	1
middag	1
lignende	1
mesterligaen	1
handling	-1
siv	1
stiger	1
dører	-1
stein	-1
gjort	-1
anlegg	1
lengste	1
farlig	-1
stormet	0
iranske	0
ferd	-1
france	1
tildelt	-1
døren	-1
ansvar	-1
nordmannen	1
nederland	1
døden	-1
cecilie	1
tradisjonelt	1
tvang	-1
thor	1
sir	1
tilby	1
sekunder	1
topper	1
erna	-1
plassen	1
toppen	1
modeller	1
sender	1
hensikt	-1
satte	1
modellen	1
sendes	1
dobbel	1
knudsen	1
faglige	1
skatt	1
egentlig	1
plasser	1
lyse	1
medlemskap	0
avgjør	-1
kritisert	-1
lenger	1
victoria	-1
nationen	0
klarte	1
innsendt	1
gammelt	-1
befinner	-1
lyst	1
afghanistan	-1
liverpool	-1
naboen	-1
kaffe	1
naboer	-1
bodd	-1
agent	1
sønn	1
lasse	-1
konkrete	1
selskap	1
løsning	1
levende	1
daværende	-1
bidrag	1
liggende	-1
marius	1
leder	-1
wall	-1
ledet	-1
mester	1
skogen	1
sex	-1
ringte	-1
byer	-1
ser	1
byen	1
medielab	0
utbytte	1
snakke	1
veggen	1
nilsen	1
artist	1
dagensit	0
søkt	-1
ødela	-1
betalte	-1
sannsynlig	1
christensen	1
sea	-1
nordmann	-1
fornøyde	1
muligens	1
tiltalte	-1
ambulanse	0
bygd	-1
webtv	1
bygg	-1
kvaliteten	-1
satse	1
sep	1
konstituert	0
landet	-1
sølv	1
selvsagt	1
kveldens	1
william	-1
manager	1
krf	-1
forbereder	-1
score	-1
ordning	1
meldte	-1
tvedestrand	0
skapt	1
deltakere	1
torgeir	1
terry	-1
sigurd	1
slå	1
nina	1
vegvesen	-1
storberget	1
fungerer	1
renten	1
utvalgte	1
vind	-1
muslimske	-1
renter	-1
sol	1
barth	0
amerikansk	-1
folkeparti	-1
mjelde	-1
terra	1
søke	1
erik	1
melding	-1
nils	1
forsvarets	-1
teknologi	1
harald	1
skilt	-1
vinn	-1
betaler	1
snø	1
sendte	-1
krigen	-1
levde	-1
rystet	-1
tvil	1
angrepet	-1
øyne	-1
væpnede	0
fædrelandsvennen	1
duoen	1
heyerdahl	0
troppen	1
fortjent	-1
huset	-1
sri	0
operert	-1
sterk	1
rogaland	-1
feil	-1
norge	-1
regel	1
supportere	1
kongelige	-1
italienske	1
eriksen	1
aston	-1
økning	1
foreslår	-1
bombe	-1
tråd	1
drikker	1
små	1
østenstad	1
ledelse	-1
sponheim	-1
skape	1
design	1
ligge	1
dobbeltabell	0
prosjekter	1
eier	1
slo	1
kvelden	1
fremskrittspartiet	-1
huske	1
prosjektet	1
skuddet	1
toppscorer	1
omstridte	-1
sky	1
vises	1
kosovo	-1
facebook	1
viser	-1
fortsatte	1
sett	1
arctic	-1
lever	1
ski	1
endring	-1
november	1
fullstendig	-1
sko	1
videregående	-1
bryte	-1
league	-1
skapte	1
produksjonen	1
redd	-1
relativt	1
this	0
manchester	1
merke	1
scope	0
episoden	-1
sendt	-1
runden	1
snu	1
runder	1
avgjorde	1
online	0
real	1
steve	1
ettermiddag	-1
kommenterer	1
særdeles	-1
trenger	1
eventuelle	-1
vurdering	1
russland	-1
voldsomt	1
polen	1
iran	-1
sammenstøt	0
uendret	0
barna	-1
grunn	-1
hægebostad	0
irak	-1
barne	-1
sms	-1
lansert	1
situasjonen	-1
felt	1
forskerne	-1
eide	1
situasjoner	1
nrks	1
sende	1
ellingsen	1
guide	1
aktiviteter	1
jordskjelvet	0
sjelden	-1
passer	1
debatten	-1
opprørere	0
rune	1
japanske	-1
debatter	0
pågrepet	-1
tenner	-1
nyhetene	1
gleder	1
terje	1
vålerenga	1
favoritt	1
signaler	-1
enorm	1
danske	1
yngste	1
regi	1
turn	1
lastebil	0
storebrand	-1
stå	1
visste	-1
newcastle	-1
sjåføren	-1
stoppe	1
skien	-1
østerrike	1
regn	-1
bord	-1
rettssak	0
straffen	1
straffet	-1
serbia	-1
dropper	-1
showet	1
beijing	-1
kåre	1
likevel	1
holdninger	-1
syn	1
bakgrunn	1
grønt	-1
kunder	1
oppland	0
forferdelig	-1
syk	-1
spør	-1
laden	-1
document	0
benytter	1
benyttet	1
tekst	-1
grønn	1
anmeldelser	-1
syv	1
amerika	0
strømsgodset	1
raser	1
falle	-1
raset	0
forsvant	-1
jul	1
jun	-1
aksjen	1
overgang	1
bryne	1
aksjer	-1
fransk	1
offensivt	1
snøen	-1
øyvind	1
spilletid	1
skrev	-1
sittende	1
kamper	1
kampen	1
nevnte	1
ssb	-1
klarer	1
album	1
demonstrantene	0
påstander	-1
begynner	1
lagmannsretten	1
behovet	-1
taper	-1
stund	1
klar	1
tapet	-1
elisabeth	1
gjennom	1
canada	1
kultur	1
white	1
sto	1
tyveri	0
alvorlige	-1
opsjoner	0
målselv	0
that	0
str	1
styret	1
styrer	-1
regningen	1
skylden	-1
beckham	1
skyldes	-1
skylder	-1
kongo	0
afrika	-1
bloomberg	0
saudi	0
tidligere	-1
rute	1
sun	-1
trøndelag	-1
meldingen	-1
guttene	1
bjørnar	1
meldinger	-1
utvidet	-1
ærlig	-1
flest	1
økonomisk	-1
frukt	1
høyde	1
ronaldo	1
birmingham	-1
svs	-1
brussel	-1
rasende	-1
grov	-1
service	-1
økonomi	-1
skriv	-1
passet	-1
forsvare	-1
tak	-1
quart	1
visse	1
hende	1
hoppet	-1
planlagte	-1
trusler	-1
stilles	1
anke	0
flere	-1
melder	-1
stiller	1
falsk	-1
forholdene	1
møte	1
trafikkulykke	0
interesse	1
salen	1
begynne	1
lengre	1
skjebne	-1
forrige	-1
kidnappet	-1
teller	1
pubdate	0
national	0
tilbudet	-1
jakten	1
inneholder	-1
avis	1
jakter	1
møtt	1
kai	-1
jørgensen	1
stemning	1
sånt	-1
jerusalem	0
nekte	-1
tas	1
tar	1
vellykket	1
tap	1
bodø	1
kjørte	-1
fremover	1
leiren	0
reagerte	-1
google	-1
rene	1
voldsomme	-1
værmeldingen	0
blikk	1
skyldig	-1
eldre	1
konkluderer	-1
renn	-1
pågår	-1
kjempet	1
kjemper	1
kneet	-1
rent	1
ferien	1
nyttår	-1
møre	-1
gruppa	1
tdn	1
mørk	1
brant	-1
garantert	1
hevde	1
grete	-1
boks	-1
lengst	1
gruppe	-1
brann	1
språkbruk	-1
dagers	-1
minutters	1
ligaer	-1
kjedelig	-1
farten	1
børspause	0
ligaen	1
opplevelse	1
fungerte	-1
boka	1
spangereid	0
bidrar	1
kjendis	0
strømmen	-1
stede	1
sliter	-1
lære	1
dagbladet	1
vigeland	0
tradisjon	1
konsernsjef	1
advokaten	-1
biltester	0
varetekt	-1
advokater	-1
alfheim	1
bransjen	1
lært	1
utviklingen	1
sliten	-1
rett	1
seere	1
passasjerer	-1
avisa	-1
class	0
bjørnstad	1
expressen	0
motstand	1
leilighet	1
nivå	1
bladet	-1
organisasjon	-1
hevet	-1
kåret	1
sjefen	1
anker	0
anket	0
aksjon	1
dagens	-1
anser	1
gjerstad	0
drapene	0
ansatte	-1
avgjørelse	1
stor	1
begynte	-1
nettopp	1
mobilen	1
brakt	-1
stillingsvarsling	0
rikeste	1
bildeserier	-1
turister	-1
årene	-1
trykket	1
stallen	-1
internasjonal	1
with	0
hjelper	1
viste	1
steen	1
artingress	-1
viking	1
departementet	1
revet	-1
avdekket	-1
henge	1
alternativer	1
dagene	1
alternativet	1
anna	-1
premier	1
visst	1
anne	1
riktig	1
adressa	0
tenk	1
postboks	-1
leeds	1
adresse	-1
personlig	1
ansiktet	-1
oscar	-1
hjulpet	1
stig	1
henhold	-1
gripe	-1
voldtekt	-1
opptil	-1
iversen	-1
klare	1
sørlandet	-1
sjokk	-1
syria	0
else	0
gabrielsen	-1
nokas	0
tema	1
kortere	1
klart	1
klassen	1
solskjær	1
utlendinger	-1
meste	1
lærer	1
bil	-1
gjentatte	-1
skattelistene	1
luften	-1
bin	-1
big	-1
kutt	-1
innhold	1
parti	-1
knust	-1
bensin	1
dokumenter	-1
betydning	1
seksuell	0
forholdet	-1
side	1
partileder	-1
behandlet	-1
bildeserie	0
behandles	-1
snudd	1
midler	1
ankom	-1
senket	-1
fremtid	1
spår	-1
tingrett	-1
svarer	1
bente	-1
svaret	1
frivillige	1
reagerer	-1
stil	1
konkurranse	1
ytterligere	1
tufte	-1
engang	1
flytte	1
eksplosjonen	0
hoppe	-1
oppfølging	-1
kurs	1
landsmøtet	1
kurt	1
ham	1
langrenn	1
sportslig	1
tviler	-1
irland	-1
bob	-1
koblet	-1
pdf	-1
bok	1
sies	-1
forhindre	-1
kreve	1
sier	-1
våpenhvile	0
formål	1
kirken	1
planen	-1
presidenten	-1
kjøper	-1
planer	1
larvik	1
dronning	-1
bruken	-1
strømstad	-1
kortene	1
bolig	-1
erichsen	0
spørre	1
georgia	0
oppgjør	-1
kroppen	1
språk	1
hussein	0
effektiv	1
bjelland	0
bruker	1
bmw	1
teater	-1
sivile	-1
slottet	-1
teborg	0
testet	1
kvalifisering	1
hamas	0
brukes	1
hamar	1
webmaster	1
spenning	1
tester	-1
henvendelser	-1
driften	-1
breivik	1
justisdepartementet	0
testen	1
bestemt	1
spillere	1
argentina	1
par	1
omtalte	-1
stod	-1
etterlyser	-1
verdenscupen	1
name	0
volvo	1
hånden	1
forventningene	1
betydelige	-1
mannens	-1
music	-1
orderud	0
brystet	1
tiår	-1
tallet	1
emneord	-1
stjernene	1
slutten	1
sluttet	-1
blå	1
slutter	-1
ført	-1
bom	-1
forårsaket	0
overfor	-1
bor	1
bot	-1
stått	1
statsministeren	1
tegn	-1
pressekonferanse	-1
torjussen	0
føre	-1
fredagens	1
energi	-1
hel	1
musikk	1
opptak	-1
trøbbel	-1
hei	1
inspirert	1
hovedside	0
elin	-1
fengslet	0
programmet	1
sluttspillet	1
vold	-1
vedtak	1
temperatur	1
bilen	1
bbc	-1
biler	-1
årige	1
jenta	-1
offentlig	1
forstår	-1
helstad	-1
olsen	1
anbefaler	1
oslopuls	0
jente	-1
php	0
het	1
forsinkelser	-1
fortalt	-1
diskut	0
ofre	-1
tysk	-1
broren	-1
bak	1
foran	1
fatet	0
nokia	1
mobil	-1
bilde	1
oftere	-1
bad	-1
effekten	1
besøk	1
virkelig	1
nato	-1
arbeidslivet	-1
natt	-1
nærheten	-1
bar	1
sitte	1
gratis	1
lands	-1
risikerer	-1
forbi	1
opplyste	-1
tørrissen	0
statsråden	1
fattigdom	-1
avtalen	1
rysstad	0
avtaler	1
kolleger	-1
lister	-1
bringe	-1
putin	-1
listen	1
tonstad	0
dessuten	1
brukte	1
gundersen	1
bilene	-1
byttet	-1
birkeland	1
bytter	1
star	-1
hvert	1
stat	-1
taler	1
offisielle	-1
oftest	-1
forby	0
uklart	-1
per	1
gulvet	1
finnsnes	0
jubler	1
etablere	1
trondheims	0
usikkert	-1
janne	1
vær	1
etablert	1
skuffende	-1
samfunn	-1
bety	1
euro	-1
type	1
eivind	-1
hiv	0
viktige	1
innlegg	-1
innlegget	-1
kyrkjebygd	0
ille	1
krekar	0
følg	1
føle	-1
heldige	-1
enten	1
økningen	-1
hilde	1
ber	-1
bjerke	-1
fattige	-1
overraskelse	1
team	1
ben	1
digitalsport	1
konkret	1
sluppet	-1
bildene	-1
paul	1
sikrer	1
sikret	1
medlemmer	-1
nettsted	0
christian	1
kanal	-1
utenlandske	-1
norden	1
ruud	1
gjennomføre	1
nevnt	1
roger	1
stortingsrepresentant	-1
avstemning	1
seier	1
ofte	1
nordea	-1
torsdag	-1
medisinske	1
gjennomført	1
rollen	1
kostnadene	1
februar	-1
reuters	-1
sport	-1
forskjellige	1
telefon	1
carlsen	1
sistnevnte	1
halve	1
pass	-1
blomster	1
opprinnelige	-1
steg	1
sakene	1
sted	1
plan	-1
lån	1
avtale	1
mannskapet	-1
klasse	1
låt	1
stem	1
oppfatning	1
halvt	1
duell	1
kinas	0
skrevet	1
berg	1
tipset	-1
arrangeres	-1
landslaget	1
styrkene	0
faktisk	1
pop	1
politikken	1
begeistret	1
rasisme	0
meter	1
gander	1
riseth	-1
voss	1
nordisk	-1
myhre	1
sira	0
bunn	-1
finland	1
beskriver	-1
kvartal	-1
siri	-1
operasjonen	-1
operasjoner	-1
zlatan	1
eirik	1
ødegaard	1
mesterskapet	1
norsk	-1
turen	1
tiltalen	0
konservative	-1
god	1
bildetekst	-1
kysten	-1
politisk	-1
best	1
golf	1
gullet	1
årsaker	-1
særskilt	0
årsaken	-1
forskere	-1
tøffere	-1
utslipp	-1
ungdom	-1
påstand	1
sentralbyrå	-1
velger	1
rekke	-1
prosent	-1
utdannelse	-1
kostnader	1
ronny	1
erfaring	1
gamle	1
mediene	1
hoftun	1
nettverk	1
invitert	-1
pst	-1
buss	-1
rettigheter	1
pedersen	1
svarte	-1
kreft	-1
journalisten	-1
vgtv	-1
kravene	-1
beskjed	-1
hamre	1
bush	-1
statlig	-1
thorbjørn	-1
kvarter	1
reddet	1
sørensen	1
oppsto	-1
journalister	-1
kampoversikt	0
johan	1
kristiansand	-1
født	1
søndag	-1
trekke	1
aftips	-1
kaster	-1
kastet	-1
ekstra	1
håndtere	-1
distriktet	0
eventuell	1
bislett	1
siste	-1
dommerne	-1
abonnement	-1
mccain	-1
gro	1
samtidig	1
ledelsen	1
hushovd	1
eventuelt	1
blogg	-1
etterhvert	1
thead	-1
reisende	1
you	0
bilister	-1
kritiserer	-1
kontrakter	1
stanse	-1
diesel	1
lurer	1
gaza	0
kontrakten	1
mediehuset	1
emil	1
leter	-1
myndighetene	-1
kværner	1
bent	1
sterkere	1
bein	1
pagetracker	1
fleste	1
unngå	1
engelske	-1
sikt	1
omsorg	1
kapasitet	1
velkommen	-1
fristen	-1
polske	-1
bra	1
sunderland	-1
utenfor	1
grundig	1
gud	1
undersøkelsen	1
lette	1
enighet	1
nabo	-1
søte	1
dagbladets	1
trives	1
anlegget	-1
undersøkelser	-1
kravet	1
valueof	-1
boligen	-1
høyeste	-1
gore	-1
skjedd	-1
imponert	1
boliger	-1
dommen	1
portsmouth	-1
mulige	1
bommet	1
block	0
dommer	-1
advokat	-1
motstandere	1
gatene	-1
stemmer	1
levere	1
paris	-1
transport	-1
opera	1
rekker	1
hauge	1
forfatteren	1
politikk	1
motorsport	0
vekst	-1
bjørndalen	-1
åpningen	1
berømte	1
levert	-1
populær	1
rooney	1
btv	0
fritid	0
forsvinne	1
sektor	-1
usas	-1
tyrkia	-1
falske	-1
finne	1
tyske	1
låter	1
nokså	1
regissør	1
gang	1
bud	1
setesdal	0
trengte	1
saken	-1
forholde	1
tidende	1
etappe	1
inger	-1
juli	-1
datter	-1
saker	-1
greske	-1
åsane	1
abbas	0
diskutere	1
opererer	-1
personlige	1
nettsider	1
fornavn	-1
trukket	1
fakta	1
amundsen	1
benken	1
stabæk	1
legevakten	0
gata	-1
ønsket	1
diskutert	1
løs	-1
sint	-1
ønsker	1
patrick	1
merket	-1
løp	1
erstatning	-1
løv	0
mathias	1
gate	1
scoring	1
bedt	-1
foretatt	-1
strid	-1
juni	1
kommunale	-1
paret	1
utgjør	1
fungere	-1
ledig	-1
miste	1
israel	-1
toyota	1
dommeren	-1
sudoku	0
innstilling	1
tidvis	1
gass	-1
merker	1
randaberg	1
hjalp	-1
måned	1
hender	-1
gjerne	1
ansatt	1
påkjørt	0
høyesterett	-1
sterkeste	1
verdien	1
presse	1
verdier	1
savnet	1
plassering	1
lillestrøm	-1
bestill	-1
savner	1
topplister	-1
foretrekker	1
tusenvis	-1
byr	1
arbeiderpartiet	1
offensiv	1
resultatservice	0
store	1
stord	1
lenge	1
idretten	1
internt	-1
mona	-1
utstyr	1
området	-1
storm	-1
leie	-1
områder	1
ga	1
leif	1
øke	1
fk	-1
forbruker	1
stort	1
fr	1
samtalene	-1
fn	-1
kommisjonen	-1
hovden	0
engine	0
fantastisk	1
avvist	-1
plate	1
omsetning	1
tidenes	-1
he	0
plata	-1
spørsmålet	1
sandnessjøen	-1
sykdommen	-1
virkelige	1
gi	1
uheldig	-1
mons	-1
air	-1
gt	1
plass	1
knut	1
gr	1
go	0
økt	-1
dt	-1
gift	-1
legg	1
lege	-1
jordskjelv	0
ledere	-1
motoren	1
stopp	-1
slaget	1
dd	-1
skremt	1
sagt	1
vinter	1
dl	1
do	0
dn	-1
aktivitet	1
vakker	1
dr	1
bidro	1
eu	1
hæren	-1
konsernet	1
haugen	1
nedbør	-1
politiker	1
fa	0
flekkefjord	0
statoilhydro	-1
fc	1
målingen	-1
interessert	1
nytt	1
el	-1
gahr	-1
bidra	1
ei	1
ektemannen	-1
forslaget	1
em	1
gradvis	1
angeles	-1
slitt	-1
bondevik	1
landslagstrener	1
krefter	1
normal	1
imidlertid	1
reise	1
nyte	1
by	0
br	0
karlsen	1
frode	1
tomme	1
bt	1
posisjon	1
bo	1
bj	0
heter	1
bl	0
leste	1
akseptere	-1
reist	-1
utfordringen	1
tommy	1
ann	1
utmerket	1
utfordringer	1
be	0
db	0
milan	-1
menneske	1
valle	1
lene	1
reiser	1
fulgte	-1
johnsen	1
forbindelse	-1
samarbeider	-1
magen	-1
minste	1
morsomt	1
anb	-1
samarbeidet	1
and	0
valla	-1
co	1
cm	1
sekund	1
kautokeino	0
mette	1
nordmennene	-1
anmeldt	-1
securities	1
senter	-1
eksempel	-1
roman	1
andreas	1
gikk	-1
cd	1
kirkenes	0
frispark	1
utstillingen	-1
ekte	1
håland	-1
størrelse	1
våre	1
kristian	-1
enige	1
lurte	1
alt	1
omtalt	-1
kalles	-1
vårt	1
kaller	1
politiet	-1
all	0
passe	1
stolt	-1
diego	1
stoke	-1
annonser	1
drikke	1
ali	-1
ba	-1
stjålet	-1
alf	-1
as	0
vokst	1
derimot	1
britene	0
allerede	1
mikael	1
verste	-1
al	-1
gjelde	-1
color	-1
ap	-1
michael	1
midtøsten	-1
an	0
framtida	1
ida	1
fvtips	0
galt	-1
pakke	1
vokse	1
skatten	-1
baksiden	-1
basketball	0
fylkesmannen	-1
rette	1
nr	1
sterke	1
brannen	1
vinteren	-1
nettavisen	-1
boken	1
ny	-1
heller	1
barentshavet	-1
nelaug	0
rangers	1
of	0
rushfeldt	1
nettannonser	0
pluss	1
button	0
forlater	-1
øst	-1
europeiske	1
on	0
ok	1
representant	1
ol	1
sterkt	-1
nbsp	0
utbyggingen	-1
nåværende	1
ulykken	-1
stillingen	1
os	-1
regjeringen	-1
lagmannsrett	0
ulykker	-1
stillinger	1
straff	1
delt	1
kø	1
dels	-1
kombinert	1
retur	1
aas	1
hjerte	-1
fulham	1
smalt	-1
faglig	1
pc	1
lå	-1
region	-1
lo	-1
deles	1
slikt	1
deler	-1
moss	1
hovedsak	1
skole	1
lt	1
delen	1
utgangspunkt	1
lykkelig	1
barnehagen	1
barnehager	-1
britney	-1
sammenheng	1
mc	0
slike	-1
interaktiv	0
ma	0
prosessen	1
gjaldt	1
dele	-1
mk	-1
lørdagens	1
butikk	1
narvik	-1
fanget	-1
fanger	-1
hensikten	1
mo	1
øre	-1
mr	1
frykt	-1
siktede	-1
nærmeste	1
utenriksminister	-1
forbundet	-1
delicious	1
my	0
kroatia	1
mål	1
na	0
wayne	1
byåsen	1
ørn	1
nm	1
reiste	1
jean	0
afp	1
hellas	1
lokal	1
familie	1
straks	-1
jr	1
jo	1
hevder	-1
studier	-1
skiller	1
hevdet	-1
love	1
skyting	-1
italia	1
reglene	1
strake	1
rådgiver	-1
moro	1
utsette	1
doku	0
prosess	1
lovet	-1
lover	-1
idet	-1
tydelig	1
levd	1
kv	0
streiken	-1
leve	-1
aftenpostens	-1
kr	1
etappen	1
kl	-1
km	1
reiseliv	0
grupper	-1
lillesand	-1
gruppen	-1
le	1
la	1
hr	1
hjem	1
brøt	1
nyhetsbyrået	-1
adm	0
domstol	0
drift	-1
lese	1
hydro	1
administrasjonen	-1
vestlandet	-1
ukene	1
id	1
studentene	-1
negativ	-1
kongen	1
trening	1
trakk	-1
if	0
forestillingen	1
interessante	1
hamkam	1
tørum	1
ukens	1
spent	1
lest	-1
begått	0
dø	-1
ir	0
is	0
kommentarer	-1
it	0
apititle	0
besøke	1
loven	1
ii	1
il	-1
bankene	-1
in	0
lete	-1
sudan	0
gamst	1
harstad	-1
uventet	1
nedtur	-1
lett	1
forsøk	-1
smart	1
sarkozy	0
hidra	0
strand	1
stiftet	1
legger	1
stoltenberg	1
legges	1
godkjent	1
spor	1
mistenkte	0
traff	1
nordiske	-1
naturligvis	1
washington	-1
svare	1
sø	0
klubb	1
oljeprisen	-1
hanne	-1
dntv	0
kilden	0
sammenlagt	1
deltakerne	1
tilfelle	1
redusert	1
innført	-1
svart	-1
ordningen	1
international	-1
dratt	1
trine	1
partiene	-1
frykten	-1
planlagt	-1
betydelig	1
næringsliv	-1
redusere	1
gravid	-1
innføre	1
hos	1
behov	1
naturen	1
we	0
satsing	1
osama	0
vm	1
avansert	1
finalen	-1
vg	-1
grunnen	1
hemmelig	-1
grunner	1
framtid	1
rektor	-1
tilhører	-1
spre	-1
delvis	1
ullevål	-1
snudde	-1
våknet	1
risikoen	1
hard	1
mulighet	1
park	-1
utvikling	1
havne	1
smith	1
us	-1
front	-1
stjerne	1
samtlige	1
fjorårets	1
brukerne	1
kristine	1
overkant	1
up	0
erklærte	0
norwegian	-1
tt	0
tv	1
øye	1
ud	-1
øya	1
fysiske	1
lanka	0
øverste	1
derfra	1
redaksjonssjef	1
arsenal	-1
bengt	1
verre	-1
kniv	-1
videoen	-1
basert	1
jostein	1
gardermoen	-1
videoer	0
te	1
spørsmålene	1
romsdal	-1
th	-1
initiativ	1
konflikt	-1
eiendommen	1
ordnet	1
ungene	-1
eiendommer	-1
ta	1
sønnen	-1
langs	1
su	0
sv	1
ss	1
tjener	-1
st	1
langt	1
bevis	1
personen	-1
utgangen	-1
sp	1
mexico	-1
alternativ	1
forbruk	1
se	1
kanskje	1
lønn	1
fremste	1
james	1
øyeblikk	1
beskyttet	1
sa	1
kvitt	1
carlos	1
pund	-1
rv	0
dommere	-1
statistisk	-1
besøket	-1
forum	0
ro	-1
tingene	1
senteret	-1
arvid	-1
klubbene	1
signal	-1
re	1
operasjon	-1
utlignet	1
tyskland	1
kilder	-1
verst	1
meters	-1
klage	-1
oppe	1
kontrakt	1
lyngen	0
eiken	0
klubbens	1
personer	-1
øvrig	1
fryktet	-1
verken	-1
frykter	-1
meldt	1
samling	1
underholdning	1
direktøren	1
bergen	1
hamr	0
berger	1
klassisk	1
forskjellen	1
berget	1
ønske	1
prinsippet	1
forskjeller	-1
tvunget	-1
melde	-1
lange	1
lø	0
px	1
bosnia	-1
handlet	1
myndigheter	-1
grader	1
foto	1
leser	1
forklaring	-1
foreligger	1
halv	-1
pr	1
derfor	-1
handler	1
ps	1
butikkene	-1
shell	0
frikjent	0
disclaimer	0
test	1
kjetil	1
ingrid	1
forsvinner	-1
gjenstår	1
foss	-1
drama	1
retning	1
city	-1
open	1
vedtok	-1
are	0
løst	1
eiendom	-1
umiddelbart	-1
nordre	0
barcelona	1
søknad	1
generelt	1
moen	1
delte	1
tett	1
form	1
løse	1
ferguson	1
beslutningen	1
kjøpte	-1
art	1
delta	1
sving	1
fort	1
asa	-1
virksomhet	1
forslag	1
svake	-1
helen	-1
rettssaken	-1
sverige	-1
fadnes	0
oppover	1
rydde	-1
tirsdag	-1
ingebrigtsen	1
mannen	-1
forkorte	0
diskusjon	1
dårlige	-1
økonomiske	-1
barnevernet	-1
statsbudsjettet	-1
forlenget	-1
faste	1
forsiden	-1
landsbyen	0
tør	1
styreleder	1
forberedt	-1
magnus	1
fantastiske	1
svakt	-1
bråk	-1
babybilder	-1
ford	1
forberede	1
thomas	1
slår	-1
benekter	0
meninger	-1
havet	-1
braaten	1
opec	0
apr	-1
aps	-1
hus	-1
mobiltelefon	-1
omfattende	-1
utviklet	1
utvikler	1
owen	1
fredriksen	1
bekreftet	1
bygland	0
thorkildsen	1
partiets	-1
desember	1
flytende	-1
utrolig	1
slovenia	1
brevet	-1
helikopter	-1
løpe	1
bekrefter	1
opphold	1
avd	0
flinke	1
politiske	-1
show	1
negativt	-1
smittet	-1
fjord	-1
familiens	-1
ukjente	-1
hatt	1
apor	-1
våpen	-1
gjennomgang	1
spilles	1
spillet	1
spiller	1
uken	1
jacobsen	1
font	0
holmenkollen	1
nodeland	0
gitt	-1
leiebil	0
nettet	-1
redaktøransvar	-1
dør	-1
ståle	1
skaffe	1
omkring	1
hasj	0
magasinet	1
grunnleggende	1
gjestene	1
beruset	0
død	-1
nettby	1
billigere	1
statistikk	-1
svært	1
nordkapp	0
kollega	1
fond	1
robbie	1
milosevic	0
uker	-1
kaptein	1
havn	-1
består	1
tilsynelatende	1
trist	1
holdning	1
ringe	-1
magne	1
storbritannia	-1
gjennomsnitt	-1
george	-1
multimedia	1
bistand	-1
strategi	1
aug	-1
negative	-1
verdensmester	1
president	-1
vestbredden	0
veldig	1
ferie	1
avgjørelsen	1
kundetorg	1
ennå	1
sykehus	-1
britiske	-1
rolf	1
nielsen	-1
ffk	-1
schibsted	1
marie	1
forsvar	1
inntekt	1
nho	-1
millioner	-1
nhl	0
fep	0
spania	1
maria	1
dermed	1
neppe	-1
feb	-1
kors	-1
vanskelige	1
aafk	1
kort	1
inngått	-1
nordreisa	0
været	-1
bedring	1
hvile	1
anders	1
annan	-1
haugesund	1
gammel	-1
vakre	1
opphavsrettslig	1
danskene	1
typisk	1
universitetet	-1
kreves	1
krever	1
olavs	-1
trygg	1
herlig	1
afrikanske	-1
konkurrere	1
dukket	1
vegutbygging	0
overrasket	1
uavgjort	1
altfor	-1
røyk	-1
lede	1
knapt	1
trygt	1
engasjement	1
kristiansen	1
utskriftsvennlig	0
ledd	-1
altså	1
dukker	1
jazz	-1
deltok	-1
glemt	-1
målt	-1
besluttet	-1
garderoben	-1
new	-1
plukket	1
profilen	0
ballen	1
nff	1
mads	1
kona	-1
gjøres	1
skjønner	-1
grunnlag	1
siktet	-1
bygge	1
kong	-1
nominert	-1
mottatt	-1
kone	-1
militær	0
kilde	-1
arial	-1
høyres	1
foten	1
erstatter	1
åringens	-1
ungdommene	-1
favoritter	1
kaldt	-1
artbrodtekst	-1
finske	1
markert	1
plassert	1
fylket	-1
fat	-1
ordre	0
far	1
display	0
label	0
maks	1
kalde	1
hansen	1
makt	1
knivstukket	0
laget	1
birkenes	0
lager	1
vanlige	1
texas	-1
hotell	1
steven	1
såkalte	1
fremfor	1
telenor	1
ordfører	1
samtaler	1
redde	-1
drøy	1
divisjon	-1
erling	1
trondheim	1
asia	-1
torbjørn	1
fjordane	-1
historiske	-1
drøm	1
friske	1
mail	1
boligprisene	1
utgavesjef	-1
prosjekt	1
tiltak	1
investeringer	-1
kanalsjef	0
roma	1
skog	-1
nav	-1
lyktes	-1
åpent	-1
retter	1
rettes	-1
stefan	1
rettet	-1
raskere	1
filmene	1
diverse	-1
økokrim	1
stjal	-1
involvert	-1
koster	1
kostet	-1
spissen	1
koste	1
skjøt	-1
sikte	1
sammen	1
ifjor	1
satser	1
nord	-1
rana	-1
glede	1
satset	1
kvalitet	1
asle	1
nært	1
hønefoss	1
bunnen	-1
pensjon	1
varsom	0
husker	1
nære	1
tegnet	1
politifolk	-1
treneren	1
retten	-1
søgne	-1
banken	1
erklært	0
søk	1
johnny	1
påført	0
påvirke	1
tromsø	-1
lærere	-1
banket	-1
sør	-1
banker	1
veksten	1
praktisk	1
miljø	1
besøkte	-1
petersen	-1
september	-1
forventet	-1
fengsel	-1
forventer	1
privat	1
styrtet	-1
medisiner	-1
kvadratmeter	1
treffer	1
bolton	-1
club	1
populært	1
europa	-1
lykkes	1
plusone	0
brukere	1
virkeligheten	1
rart	1
pakistanske	0
angripe	-1
båter	-1
egon	-1
omfatter	1
amerikanere	-1
camilla	1
krevde	-1
båten	-1
musikken	1
danmark	-1
trekker	1
trekkes	-1
none	0
begynnelsen	1
overlevende	-1
bestemmer	1
jonas	1
ulike	1
liter	1
pådro	-1
blad	1
kalle	1
innrømmet	-1
liten	1
innrømmer	-1
kvinne	-1
madonna	-1
hjemmelaget	1
fornøyd	1
arrangement	1
inntil	1
frankrike	1
stilte	1
butikken	-1
butikker	-1
anmeldelse	-1
sommeren	1
høyt	1
risør	0
guiden	0
næss	1
bayern	-1
arild	1
marit	1
formann	-1
tenkte	-1
valgkamp	1
fylt	1
åmli	0
skrå	0
advarte	0
effekt	1
ciljan	1
skremmende	-1
fyll	1
fortalte	-1
organisert	-1
annonse	1
kursen	1
totalt	1
semifinale	1
problem	-1
drillo	1
daily	-1
nesten	1
mye	1
ambassadør	-1
totale	-1
rask	1
festen	1
utvide	1
høye	1
festet	-1
kalkulatorer	0
bokmerke	0
utspill	-1
deretter	1
nyhetskilder	0
behandle	-1
knutsen	1
tradisjonelle	1
seieren	1
nye	1
uefa	0
romania	-1
sittet	-1
mottok	-1
enklere	1
sitter	1
eksperter	-1
engelsk	-1
jakt	1
jones	-1
domstolen	0
hillary	0
avdøde	-1
hovedstaden	-1
richard	-1
slags	1
gazastripen	0
begrenset	1
california	-1
juridisk	-1
igjennom	1
artikkelen	1
hovedstad	-1
tenker	1
avisene	-1
inne	1
livstruende	0
burde	1
halvtime	1
reklame	1
stukket	0
østlandet	-1
kokain	0
forsvaret	-1
hetland	1
forsvarer	-1
snakker	1
israelske	-1
monica	1
snakket	1
eva	-1
statssekretær	-1
formiddag	-1
brannvesenet	-1
belgia	-1
lenker	0
eus	-1
teletilsynet	0
lofoten	-1
stemme	1
alkohol	-1
oljen	-1
drept	-1
avhør	-1
hverken	1
ifølge	-1
egne	-1
young	1
selger	1
selges	1
drepe	-1
andelen	-1
finnmark	-1
svenskene	-1
tvert	1
tvers	-1
mening	-1
randi	1
skritt	1
lokalt	1
angrer	-1
stemte	-1
regjering	-1
epa	0
solli	-1
angrep	-1
feire	1
skifte	-1
svekket	-1
soldat	0
rbks	-1
kalte	-1
tenkt	-1
morten	1
foreta	-1
håkon	1
avdelinger	0
vest	-1
gården	-1
borte	1
ntb	-1
kjøp	1
sjansene	1
skrive	1
wenger	1
drepte	-1
alder	1
lokale	1
nordmenn	1
følelsen	1
følelser	1
grønne	1
nsb	-1
fersk	1
www	0
signert	1
politikere	-1
forsiktig	1
hvilket	1
spansk	1
dnno	1
voldsom	1
knuste	-1
nrk	-1
opplyst	-1
verk	-1
måtte	1
sikre	1
enkelt	1
regnes	-1
regnet	1
regner	1
ofrene	0
tenke	1
sverre	-1
general	0
valgt	-1
gerrard	1
spurt	1
egil	1
tillatt	-1
reaksjon	1
bygninger	-1
milliard	-1
aftenposten	1
direkte	-1
legge	1
industri	-1
eks	0
ishockey	-1
info	-1
mill	1
babybildene	0
klokka	-1
rolle	1
likte	-1
bygningen	-1
kommentere	1
tribunen	1
eli	1
sporten	1
faren	-1
noe	1
føreren	-1
kommentert	-1
nok	1
krone	1
nøyaktig	1
everton	1
problemet	-1
problemer	-1
solid	1
nor	0
slapp	1
merkelig	-1
nov	-1
utvist	-1
skadde	-1
kypros	1
mann	-1
aldri	1
reaksjoner	1
halvår	1
hittil	1
bystyret	-1
folket	1
legen	-1
forfatter	1
leger	1
turneringen	1
universitetssykehus	-1
nettmøter	0
arafat	0
mistenkt	-1
kundeservice	1
inge	1
kristin	1
skaden	1
egen	1
skader	-1
krisen	-1
pressekonferansen	1
skadet	-1
aksje	-1
fotballforbundet	-1
keeper	1
skje	-1
midnatt	-1
eget	-1
ranet	-1
bedrift	1
venn	-1
grepet	1
sharon	0
fotballforbund	-1
bagdad	-1
annen	1
vekt	1
offshore	-1
konklusjon	1
skip	-1
egg	1
moderne	1
partier	-1
detaljer	1
nødvendigvis	1
vekk	-1
arbeidsplasser	-1
partiet	-1
aamodt	-1
meningsmåling	-1
bildeseriene	1
maritime	-1
annet	1
fotballen	1
venner	1
vondt	-1
opprettet	-1
mark	1
asylsøkere	-1
terrorister	0
mari	1
behandlingen	1
forhandlingene	1
mars	-1
hyggelig	1
velg	-1
dekning	-1
verktøy	-1
rolig	1
beboerne	-1
fungerende	1
pettersen	1
vurderes	1
høring	-1
alderen	1
vurderer	1
lykke	1
restaurant	1
fløy	-1
mobbing	-1
unødvendig	1
eksploderte	0
lærerne	-1
semifinalen	1
vinden	-1
vakkert	-1
premiere	1
tyrkiske	0
flertallet	1
skryter	1
æren	1
forventninger	1
spesielle	1
gaten	-1
prøve	1
prøvd	1
solgt	1
innbrudd	0
egypt	-1
tider	1
blod	-1
solheim	1
tiden	1
fastslår	1
stjernen	1
sannheten	-1
medisinsk	-1
åringen	1
stjerner	1
kristne	-1
total	-1
torstein	-1
fisk	1
ferdig	1
selskapene	1
frem	1
demokratisk	0
snitt	-1
indre	-1
fred	1
ødelagt	-1
avlyst	-1
amerikanske	-1
comeback	-1
kronikk	1
johansen	1
hollywood	-1
snart	1
arrestert	-1
tønsberg	-1
gis	-1
gir	1
produsent	1
sikker	1
tredjeplass	1
normalt	-1
øyslebø	0
godset	-1
produseres	1
wbr	-1
flyet	-1
sanger	1
oppgaven	1
oppgaver	1
stige	-1
synd	1
kritikken	-1
positivt	1
midt	1
barnet	-1
sand	1
sang	1
syns	-1
bærum	-1
web	0
skyter	-1
kanalen	1
bård	1
systemet	-1
sank	-1
sant	1
serie	1
kanaler	-1
åringer	1
vinner	1
johnson	1
skutt	-1
promille	-1
farsund	0
syke	-1
opplysninger	1
deilig	1
medlem	1
simen	1
råvarer	-1
enorme	-1
mike	-1
stortingets	1
dreier	1
who	0
pause	1
innebærer	1
lederne	-1
vannet	-1
bredt	1
underskudd	-1
tangvall	0
feiret	-1
feirer	-1
velgere	-1
forklarer	1
påsken	-1
samt	1
enormt	1
frie	-1
brede	1
aksjonen	-1
kundene	1
salg	1
oppførsel	-1
stakk	-1
hjemmebane	-1
fyller	1
stolte	1
filmanmeldelser	1
aker	1
etterforsker	0
område	-1
utfordrer	1
betyr	1
åstedet	0
foreløpige	0
hverandre	1
odd	1
evne	1
salt	1
kinesiske	-1
stockholm	-1
irakiske	0
løslatt	-1
former	1
redigere	0
barnas	1
typen	1
leverer	1
england	-1
greier	-1
style	0
formen	1
sider	1
bygger	1
typer	1
bygges	1
leveres	-1
utdanning	1
bygget	1
nede	-1
flyene	-1
våren	1
nyhetsbrev	-1
billig	1
lørdag	-1
medarbeidere	1
libya	0
mente	1
stilt	1
rederiet	-1
papirutgaven	-1
stand	-1
regjeringens	1
greide	-1
ragnhild	1
ekspert	1
tanken	1
taliban	0
markedet	1
akkurat	1
tanker	1
styrket	1
thailand	-1
førde	-1
reisetips	1
stian	1
tungt	1
forsøkt	-1
lagene	1
halvparten	-1
pasientene	1
utarbeidet	-1
tunge	1
personene	-1
tiltalt	-1
ekteparet	-1
ring	1
mørke	1
opplevd	-1
opdal	1
vladimir	0
oppleve	1
flotte	1
banen	1
gunnar	1
homofile	-1
museum	-1
hverdag	1
dømme	-1
kunst	1
vedtaket	1
islam	0
utløste	0
styrker	-1
erstatte	1
skjønte	-1
storslett	0
posten	1
styrken	1
bekymret	-1
natten	-1
nasjonale	-1
talent	1
handel	-1
døra	-1
prøv	-1
drammen	-1
vestfold	-1
fylke	1
jackson	-1
kulturhus	0
måter	1
tiltale	0
besøkende	1
dollar	-1
måten	1
slippe	1
kjæresten	1
sjøen	-1
uttalelser	1
korte	1
kjempe	1
rekorden	1
interessen	1
spanske	1
representerer	1
interesser	-1
undersøkelse	-1
forbeholder	0
hytte	1
sigurdsson	1
håvard	1
hytta	-1
grunnlaget	1
masse	1
konstaterer	-1
finanskrisen	1
hangeland	1
rød	1
fylle	1
uttalelse	-1
nasjonalt	1
søndagens	-1
mesterskap	1
etterkant	-1
syntes	1
molde	1
cirka	-1
yngre	1
rødt	-1
praksis	1
synlig	1
kjersti	1
omkom	-1
lederen	-1
røde	1
kampstart	0
hagen	1
tokyo	0
steget	1
idol	-1
portugal	1
jarle	-1
tåle	-1
flink	1
hammerfest	0
tilsier	1
konsert	1
produsere	1
russlands	0
frps	-1
nummer	1
betinget	0
liker	1
satt	-1
produsert	1
presenterte	1
bør	-1
toppserien	-1
brudd	-1
lagets	1
armstrong	1
evakuert	-1
clinton	1
imot	1
bilder	-1
ungdommer	-1
bildet	-1
lettere	1
rise	1
velgerne	-1
øynene	1
inngår	-1
muslimer	-1
driver	-1
dialog	1
vinne	1
heidi	1
savnede	1
ulykke	-1
roald	1
standard	1
solveig	1
tsjekkia	-1
arne	1
tåler	-1
arna	0
hoven	0
israels	0
prins	-1
avslører	1
målet	1
erkjenner	-1
foreldrene	-1
rita	0
seinere	1
dobbelt	-1
handle	1
tipping	-1
mattilsynet	-1
aktivt	1
lure	1
byene	-1
familien	1
lovende	1
framover	1
slipper	1
kutter	0
ekstreme	-1
byens	1
kuttet	-1
hjertet	1
aktive	1
registrert	1
johansson	1
fyr	1
drøye	1
timers	-1
endt	1
sveriges	-1
organisasjoner	1
sentralt	1
ekstremt	1
sikkerhet	-1
organisasjonen	-1
sentrale	1
haga	1
rimelig	1
centimeter	1
ende	1
london	-1
ganske	1
leverte	1
statsminister	-1
yngve	1
forståelse	1
enda	1
statoil	1
kjevik	0
frå	1
fvn	0
eksempler	1
pleier	1
startside	-1
digital	1
midtstopper	1
drøyt	1
motor	1
festival	1
svalbard	-1
palestinsk	0
klubben	1
bærer	1
noensinne	1
klubber	1
tingretten	0
news	-1
beslaglagt	0
triksevideo	0
mangel	-1
bidratt	1
steffen	1
kvinnens	0
næring	-1
skyld	-1
offentlige	1
rakk	1
mulig	1
følger	1
krysset	1
offisielt	-1
kvinnene	-1
kontakt	1
dømt	-1
taket	-1
scorer	1
aller	1
løfter	-1
kongsvinger	1
kodeord	0
scoret	1
bransje	0
kontroll	-1
politidistrikt	-1
faller	-1
påtalemyndigheten	0
løftet	1
flyktet	0
etiske	-1
arrangert	-1
spørsmål	1
size	0
tallene	1
såkalt	1
høgmo	1
varslet	-1
varsler	-1
minne	-1
samfunnet	1
inneholdt	-1
gjennomføres	-1
perfekt	1
oppsiktsvekkende	-1
endringer	1
farlige	-1
formue	1
tabeller	0
nett	-1
fifa	-1
fre	0
kandidater	1
tabellen	1
fri	1
dumt	-1
løsninger	1
demonstranter	0
opplyser	-1
beskyttelse	1
fjernet	-1
motta	-1
deltar	1
hvorvidt	1
arve	-1
brukt	1
ellers	1
fører	1
ryan	1
løsningen	1
sydney	-1
nestleder	1
friidrett	-1
nsson	0
stanset	-1
nest	-1
jenter	-1
verdenskrig	0
lufthavn	-1
veiene	-1
astrid	1
ove	-1
endelig	1
kommet	1
lurt	1
marte	-1
utvalg	1
kommer	1
bundesliga	1
frp	1
ekspertene	-1
dyrere	1
populære	-1
rike	1
html	0
supporterne	1
via	1
byremo	0
tjeneste	1
diskuter	1
evje	0
kortet	1
fikk	1
nederlag	-1
vindu	0
punkter	1
krasjet	-1
mener	-1
seksuelle	-1
norges	-1
kvinner	-1
vik	1
publisert	-1
trodde	1
vin	1
eliteserien	1
seirer	1
velge	1
råd	1
tillatelse	-1
tilstrekkelig	1
journalist	1
kvinnen	-1
førte	-1
vif	-1
plassene	1
glad	1
glemme	-1
suksess	1
jobben	1
tydeligvis	-1
kraftige	-1
vis	1
jobber	1
styre	1
jobbet	1
museet	-1
kronprins	-1
færre	1
skaalmo	0
inntektene	1
takke	1
villig	1
cuba	0
enkle	1
innsatsen	-1
selskapets	1
høybråten	-1
ord	1
enig	1
innom	1
aktor	-1
pressen	1
fvntv	0
norway	-1
haugland	1
braathens	-1
stoler	-1
ansikt	-1
presset	-1
jevnt	1
stående	1
videre	1
politiadvokat	0
brent	-1
døgnet	-1
india	-1
motsetning	1
boligmarkedet	-1
iveland	0
skyte	1
beløpet	1
fns	-1
kaste	-1
united	1
haakon	-1
gifte	0
avgjørende	1
dessverre	1
skille	-1
article	-1
carew	1
heldig	1
fall	1
snakk	1
kapital	1
intervjuet	-1
eksisterende	1
intervjuer	-1
samboer	-1
skeptisk	-1
nyttig	1
falt	-1
ola	1
old	1
klær	-1
rekdal	1
sjef	1
stortinget	-1
elsker	1
valencia	-1
sommer	1
ole	1
utbygging	-1
audition	-1
aftenbladet	1
lund	-1
grand	1
meget	1
positive	1
aktiv	1
korea	0
profil	-1
enkel	1
midten	1
sørget	1
omsetningen	1
finn	1
såret	-1
trykk	1
global	-1
fint	1
gjedrem	-1
lettet	1
flo	1
makten	-1
tung	-1
sørger	1
sparebank	1
døde	-1
fly	-1
program	1
avslørte	-1
okt	-1
west	1
oksøy	0
roser	1
stoffet	1
telefax	0
fans	1
henger	-1
utelukker	-1
fant	-1
lista	1
fin	1
beklager	-1
liste	1
nådd	1
oppdaget	-1
båt	1
larsen	1
toska	0
von	-1
palestinere	0
ljosland	0
york	-1
døgn	-1
fine	1
widget	0
takle	1
umulig	-1
sarpsborg	1
film	1
brutt	-1
sandberg	-1
minutt	1
silje	1
nasjonal	-1
henriksen	1
katastrofe	-1
australske	-1
inkludert	1
familier	-1
bekrefte	-1
åring	-1
tillit	1
utfor	-1
industrien	-1
sesonger	1
sørge	1
sesongen	1
onsdagens	-1
flaks	-1
trente	1
utsatt	-1
wien	-1
styrke	1
informert	-1
påpeker	1
svensken	1
linda	1
kontrollen	-1
håndball	1
vgs	-1
beste	1
time	-1
barn	-1
lufta	1
periode	1
sjanse	1
mulighetene	1
nordland	-1
løfte	1
video	-1
komme	1
spennende	1
menneskene	1
annonsering	0
frihet	1
bortsett	1
fjerne	1
gjerningsmannen	0
utforkjøring	0
vender	1
svolvær	-1
viten	0
tine	1
ting	1
felles	1
politistasjon	-1
alex	-1
måneders	-1
artig	1
gunnerus	1
politiets	-1
trodd	1
synger	1
prinsesse	-1
hanssen	1
maten	1
musikkanmeldelser	0
vet	1
sosiale	1
feltet	1
forlag	1
skattelisten	0
scenen	1
produksjon	1
står	1
nettprat	0
setter	1
klepp	1
behandling	1
vidar	-1
utvikle	1
gøy	1
førerkort	0
kongressen	0
maskin	1
sporet	-1
vei	1
vel	1
palestinerne	0
hove	0
bussen	-1
spillerne	1
riise	1
hægeland	0
utstyret	1
stedet	-1
steder	-1
komit	0
sparket	-1
målene	1
angrepene	0
sparken	-1
bane	-1
aftonbladet	-1
gjennomførte	-1
forhandle	-1
band	1
lokaler	1
pinlig	-1
kritiske	-1
fatt	1
bank	1
firma	-1
månedene	-1
benytte	1
fotoalbum	0
kapteinen	-1
settes	1
fordel	1
antall	1
dag	1
rally	1
flyktninger	-1
forbudt	-1
lesernes	1
hentet	1
definitivt	1
øyeblikket	1
dan	1
henter	1
mengder	-1
jorden	-1
skuffet	1
fast	1
gård	-1
cultiva	0
møttes	1
albumet	1
van	1
tjenester	1
hopp	-1
bill	-1
tjenesten	-1
kari	1
talt	-1
fare	-1
innledet	-1
undertegnes	-1
sesong	1
foreløpig	1
avviser	-1
ventet	-1
lag	1
kart	1
venter	1
uenig	1
ventes	-1
tale	1
kontor	-1
tvnorge	-1
karl	1
fart	1
lar	-1
kristoffersen	1
orkla	1
tall	-1
tilfeldig	-1
lav	1
april	-1
årlige	-1
hjemmeside	1
avstand	1
kontrollere	1
vokser	1
rådet	1
nylig	1
photo	0
åge	1
varmt	1
voksen	1
ansvarlig	1
klassiske	1
kronprinsen	-1
folks	-1
rommet	-1
kollisjon	-1
gått	-1
styreformann	-1
veltet	0
rødgrønne	-1
ressurser	1
takk	1
blodig	0
aust	0
cup	-1
lider	-1
bedriftene	-1
varme	1
temaet	-1
artikkel	-1
kvinnelige	-1
føles	1
åpenbart	1
greie	1
tweet	0
føler	1
risiko	1
frivillig	-1
sviktet	-1
bytte	-1
jordan	-1
følge	-1
hold	-1
barnehage	-1
holde	1
vitne	-1
styrte	1
kirkens	-1
prisene	1
munnen	1
frist	0
øvrige	1
forteller	1
midlertidig	-1
historie	1
http	0
fredag	-1
jesus	1
arkivfoto	-1
forkant	1
holdt	1
frisk	1
raketter	0
generasjon	1
gasellene	0
unna	1
tape	1
svein	1
visepresident	-1
uregistrert	-1
mannskap	-1
fritt	-1
årsberetning	0
minner	1
quiz	1
holm	1
tapt	-1
senterpartiet	-1
flyttet	-1
flytter	1
kvinlog	0
linje	1
trussel	-1
serbiske	0
xbox	-1
teknisk	1
lyder	1
kontoret	1
vegusdal	0
østfold	1
petter	1
fjerde	1
psykisk	-1
valuta	-1
avisenes	1
kunnskap	1
kjente	1
politimann	-1
sykehuset	-1
sykkel	1
talsmann	-1
gruppene	-1
helgen	1
spilleren	1
arkiv	1
undersøke	-1
firmapost	0
informasjonssjef	1
befolkningen	-1
herefoss	0
muligheten	1
tapte	-1
skriver	-1
antallet	-1
staten	1
forlot	-1
twitter	1
hoff	1
trafikk	1
idrett	1
kommentar	1
hjemmet	-1
henholdsvis	1
miller	1
års	1
minus	1
etterforskning	-1
anledning	1
sinnes	0
henning	1
stavanger	-1
volden	0
escenic	-1
åra	1
ukjent	1
politikerne	-1
undersøkt	-1
kjøring	1
livet	-1
muligheter	1
antatt	-1
akershus	-1
forskjell	1
fjellet	-1
krav	1
hensyn	1
dyreste	-1
informasjonen	1
tatt	-1
matre	1
hendelser	-1
skipet	-1
nedgang	-1
kritisk	-1
hendelsen	-1
oppdrag	-1
eksplosjon	0
medisin	-1
skiftet	1
året	1
utlandet	1
tiltakene	-1
italiensk	1
julaften	1
tilbudt	-1
alta	-1
resultatet	-1
minst	1
arabiske	0
varer	1
resultater	1
greit	1
plakatens	0
voksne	-1
bandet	1
glimrende	1
kvinnelig	-1
dramatikk	-1
tips	-1
tidspunktet	1
heldigvis	-1
økte	1
navnet	1
kjenne	1
overbevist	1
handlinger	-1
hund	-1
forsøkte	-1
treningen	1
bomben	0
ivar	-1
bomber	0
aktuell	1
trolig	-1
kommunens	-1
feeder	1
oppgave	1
portefølje	0
avviste	-1
aktuelt	1
riktige	1
hunden	1
alvor	1
kommunene	-1
models	0
kundesenter	1
hunder	-1
utsikt	1
los	1
professor	-1
modell	1
lot	1
lov	-1
telemark	-1
hotellet	1
tross	1
unge	1
måttet	-1
datteren	-1
studenter	-1
jørn	1
mindre	-1
jagland	1
usa	-1
måneden	-1
skolen	-1
forsikrer	1
oslo	-1
stykker	1
kunnet	1
verdens	-1
baby	0
ekteskap	-1
avgjort	1
holder	1
holdes	-1
fryktelig	-1
konklusjonen	-1
uavhengig	1
back	1
alexander	1
ute	1
rosenborg	1
situasjon	-1
nekter	-1
stabil	1
cnn	-1
nektet	-1
brødrene	-1
johannessen	-1
skoler	-1
måneder	-1
smak	1
jensen	1
planene	1
laveste	-1
regionen	-1
ettertid	1
com	0
skudd	1
oppfatter	1
kabul	0
kjendiser	-1
smil	1
bedriften	1
korrekt	1
sports	1
hente	1
treffe	1
oppfattet	-1
bryter	-1
landslagssjef	1
resultat	1
troms	1
robin	-1
bedrifter	1
innsats	1
presentert	1
ntnu	1
foreslått	-1
lsk	1
forhold	-1
select	1
karin	1
oppfordrer	-1
sykehusene	-1
innflytelse	-1
eiere	1
oppfordret	-1
ålesund	-1
bøker	1
forklarte	-1
flertall	-1
fredrikstad	-1
uro	-1
prisen	1
sammenlignet	1
amerikanerne	1
gjør	1
trond	1
priser	1
sukker	1
christer	1
dramatisk	-1
plutselig	-1
presseskikk	1
russisk	-1
løpet	1
løper	1
scanpix	1
hull	-1
tilhengere	-1
holmer	0
henry	1
kraft	1
verden	1
øverst	1
kutte	-1
utenriksdepartementet	-1
utland	-1
dagen	1
sportsdirektør	1
klaget	-1
blair	-1
klager	-1
dager	1
lunde	1
juryen	1
bodde	-1
ambisjoner	1
uansett	1
berntsen	1
skaffet	1
kritikk	1
ender	-1
person	1
voldtatt	-1
igjen	1
selve	1
karriere	1
klokken	-1
skolene	-1
tilknytning	1
kjæreste	-1
svakere	-1
fjor	1
einar	1
stopper	-1
million	1
årst	1
soldater	-1
stoppet	-1
tunnelen	-1
fått	1
trafikken	-1
warrants	0
skuespilleren	-1
budskap	1
ung	1
demokratiske	-1
imponerte	-1
krise	-1
trenden	-1
mohammed	-1
godt	1
avhengig	1
sveits	1
kaos	-1
funnet	-1
bære	-1
halvorsen	1
hjelpe	1
uke	-1
gode	1
uka	-1
tide	1
delstaten	0
utenlandsk	-1
beredskap	-1
fortsatt	1
fieldset	0
tida	1
etterbørs	0
ball	-1
semb	1
vanlig	1
post	-1
anthony	-1
nettstedet	-1
les	-1
nettsteder	0
ler	1
grimstad	-1
fremme	1
blant	-1
innbyggerne	-1
fortsetter	1
viktig	1
lei	-1
aksjene	-1
motstander	1
ulf	1
aviser	1
lee	-1
northug	1
avisen	-1
radio	1
vennesla	-1
selvfølgelig	1
ullevaal	1
skjult	-1
utestengt	1
kamp	1
takker	1
innrømme	-1
send	-1
takket	1
anklaget	0
anklager	0
troen	1
sent	-1
vikings	1
optimistisk	1
følelse	1
fotballmagasinet	1
bortelid	0
konserten	1
status	-1
usikkerhet	-1
utslippene	0
kalt	1
konserter	1
junior	1
redaksjon	0
powered	1
ulovlig	-1
fremst	1
svenske	-1
vurdert	1
protest	0
opplevde	1
microsoft	-1
perioder	1
forsøker	-1
perioden	1
vegne	1
vurdere	1
temperaturen	1
bardufoss	0
onsdag	-1
saddam	-1
regler	1
nchen	0
håp	-1
bevisst	1
leiligheter	1
kommuner	-1
hundrevis	-1
leiligheten	-1
startet	-1
kommunen	-1
klient	-1
regimet	0
liv	1
starten	1
nedgangen	-1
anslår	-1
starter	1
fortsette	1
lik	1
spiser	1
opplever	1
lie	1
globale	-1
ungarn	1
bror	-1
ryktene	-1
tidlig	1
tror	1
indonesia	0
avgjøre	1
udi	-1
møller	1
usaklig	-1
lesere	1
passasjerene	-1
endre	1
atle	1
irans	0
øker	1
header	-1
etterpå	1
straffskyld	0
hospital	0
konsekvensene	-1
berre	1
brasil	1
kevin	1
gunn	1
chelsea	-1
mai	-1
danne	-1
fiske	1
dødsfall	0
write	0
nemlig	1
mar	-1
statsråd	-1
reduserte	1
starte	1
may	0
pengene	1
avgang	-1
midtbanen	-1
mat	1
eksterne	1
hovedsiden	-1
mercedes	1
starts	1
bedre	1
årsak	-1
scoringen	1
intervju	1
scoringer	1
vinneren	1
konkurrentene	1
begynt	1
tidspunkt	1
studio	1
valgkampen	-1
gutt	1
ordføreren	-1
ødelegge	-1
pressemelding	1
juventus	-1
tjent	-1
tottenham	1
særlig	1
ytre	1
relaterte	-1
åpning	-1
konsmo	0
eieren	-1
spiss	1
slåss	-1
kjærlighet	1
tjene	1
lyset	1
ramme	-1
gjeld	1
tilbud	1
oppmerksomhet	1
utgangspunktet	1
daae	0
geir	1
interessant	1
oslos	-1
striden	-1
representert	1
innbyggere	-1
australia	1
slått	-1
marcus	1
motsatte	1
bruk	1
island	1
vente	1
endte	-1
endelige	-1
borgersen	1
mer	-1
vedtatt	-1
harde	1
skjedde	-1
internasjonalt	1
reidar	1
arbeide	1
olav	1
festivaler	-1
selskapet	-1
arendal	-1
tegneserier	-1
hardt	1
festivalen	1
moland	-1
slutte	1
møtes	1
møter	1
aksel	-1
danse	1
olaf	1
årlig	1
selskaper	1
forbudet	0
eggen	1
dansk	1
møtet	1
resten	1
daniel	1
børs	-1
street	-1
dyp	1
faktum	1
ellen	1
dyr	-1
hjelp	-1
fullt	1
uvanlig	-1
villa	1
truffet	-1
artikler	-1
vesten	0
avdeling	-1
thoresen	1
utenriks	1
møtte	1
oppgang	1
skikkelig	1
sommerens	-1
investorer	1
forsvunnet	-1
foreldre	1
hodet	-1
internasjonale	1
såpass	1
fornuftig	1
respekt	1
spille	1
ifra	-1
opplæring	-1
fansen	-1
serier	0
sandnes	1
elever	1
mottar	-1
bøkene	1
serien	1
nyhetsoversikten	1
virksomheten	-1
vilje	1
håpe	1
nordlie	-1
høres	1
hører	1
kvalifiseringen	1
bryr	-1
selge	1
null	-1
britisk	-1
endret	-1
opprørerne	0
lyd	1
endrer	-1
dvd	1
fulle	-1
hemmelige	-1
true	1
stilling	1
dersom	-1
lars	1
mandagens	1
innstilt	1
streik	-1
spise	1
strålende	1
provinsen	0
gjeng	1
espen	1
fordelt	1
beina	1
last	-1
poeng	1
terror	-1
oktober	1
gult	1
pårørende	-1
manglende	-1
samles	-1
nivået	1
ganger	1
samler	-1
peker	1
strøm	1
samlet	1
strøk	1
gull	1
simonsen	1
suksessen	1
gule	1
overleve	1
konkurs	-1
lyn	1
lys	1
live	-1
regelverket	-1
latt	1
prosentpoeng	-1
peter	1
stengt	-1
mosby	0
spill	1
tur	1
daglig	1
ære	1
gerd	0
statlige	-1
blackburn	-1
spilt	1
tettey	1
debatt	1
sikkerheten	-1
litteratur	1
stenge	-1
flyplassen	-1
tilskuerrekord	-1
ansvaret	-1
stemningen	1
miljøet	1
virker	1
virket	-1
jack	-1
forsvarsminister	-1
arabia	0
tilbyr	1
bernt	1
litt	1
burma	0
tilsvarende	1
epost	1
generalsekretær	-1
japan	1
år	1
lite	1
husk	1
gårsdagens	1
javascript	0
milliarder	-1
lavt	1
ideen	1
virkning	-1
terningkast	-1
section	0
lave	1
spesiell	1
fulgt	1
navarsete	1
samlede	-1
solbakken	1
høy	1
lise	1
olje	1
spesielt	1
hotel	1
hør	1
eierne	-1
obligasjoner	0
bergens	1
slag	1
gutten	-1
dom	1
anmelder	1
spilte	1
andresen	-1
andreassen	-1
lagt	1
gutter	-1
trent	1
bestemme	1
pakistan	-1
dpa	0
låtene	1
direktør	1
humor	1
utover	1
områdene	-1
option	-1
trene	1
ligger	1
ligget	-1
oppgitt	1
moe	-1
representanter	1
williams	-1
arbeider	1
arbeidet	1
content	0
salget	1
tro	1
mor	1
rettferdig	1
kirke	-1
nyheter	-1
rasmussen	-1
nyheten	1
foruten	1
begrense	-1
trygve	1
frank	1
institutt	-1
søknaden	-1
data	-1
høre	1
israelsk	0
farvel	-1
vakthavende	1
åpner	1
sivertsen	1
dna	0
åpnes	-1
åpnet	1
sportslige	1
hørt	-1
dnb	-1
dato	1
foregår	-1
adgang	-1
historien	-1
uenige	-1
kampene	-1
synes	1
synet	-1
halsen	-1
russiske	-1
historier	1
høst	1
kampens	1
berlin	1
avslutte	1
kenneth	-1
harry	1
natur	1
beregnet	1
student	-1
asbjørn	1
berit	1
flott	1
sæther	1
forandret	1
ranerne	0
finnes	1
krig	-1
finner	1
beslutning	1
nyhetsbyrå	1
width	0
vanskeligere	1
agder	-1
regnskap	0
trener	1
bloggen	-1
overgrep	-1
synge	1
etterforskningen	-1
alene	1
drømmen	1
aksjekurser	0
utgiver	1
reduseres	-1
drømmer	1
kjell	1
strengt	1
hørte	-1
adresseavisen	1
laks	1
manglet	-1
kontaktet	-1
mangler	1
bronse	1
steinar	1
grenland	-1
nytte	1
berge	-1
bestemte	1
teksten	1
tog	-1
dramatiske	-1
land	-1
realtidskurser	0
befolkning	-1
konkurranser	-1
utfallet	1
lang	1
alvorlig	-1
aalesund	1
overført	-1
konkurransen	1
pent	1
vesentlig	1
sandvik	-1
avgifter	-1
tom	1
dra	1
tok	1
gjester	1
kilometer	-1
sokkel	-1
tor	1
deriblant	-1
bred	1
dro	1
arrangementet	1
lille	1
dans	1
runde	1
trengs	-1
inter	-1
stasjonen	0
demokrati	-1
intet	1
kåfjord	-1
sjefredaktør	-1
sler	0
trekk	-1
rundt	1
slet	-1
buskerud	-1
pål	1
godta	-1
forstå	-1
omkomne	-1
varetektsfengslet	0
sandefjord	1
tøff	1
tempo	1
barack	-1
sannsynligvis	1
preget	1
fokus	1
tøft	1
center	-1
anledningen	1
anledninger	1
behold	1
brev	-1
kriminelle	-1
skjervøy	-1
vinduet	-1
privatøkonomi	0
støtte	1
hedmark	-1
dame	1
varmen	1
usikker	1
natos	0
andersen	1
dårligere	-1
tirsdagens	1
david	1
middlesbrough	0
annerledes	1
ledige	1
finansminister	-1
smell	1
des	-1
kino	1
opposisjonen	-1
positiv	1
kina	1
mister	-1
munch	0
king	1
mistet	-1
otto	1
private	-1
solberg	1
strenge	-1
bjørn	1
tilgjengelig	1
del	1
vestlige	-1
kjent	1
mil	1
hæstad	-1
advarer	1
telefonen	1
hvit	1
nordlys	-1
brenne	-1
forhånd	1
plater	1
medlemmene	-1
forbud	-1
rapporten	1
etasje	-1
soldatene	-1
mistanke	-1
tlf	1
rapporter	1
digitale	1
engasjert	1
samarbeid	1
næringslivet	1
hødd	1
historisk	-1
jubel	1
effektivt	1
kenya	0
hjemme	1
marianne	-1
oppgjøret	1
statsadvokat	0
martin	1
korrupsjon	-1
prøvde	-1
effektive	-1
marked	1
franske	-1
øystein	1
høsten	1
nigeria	-1
øl	1
ordentlig	-1
landskamper	1
kilo	1
følte	1
prøver	1
svendsen	1
dahl	1
kommende	1
gutta	1
utøvere	1
forlatt	-1
aksjespillet	0
div	0
hvite	1
expr	0
ordet	1
stykke	1
innlagt	-1
orden	1
bygging	1
forlate	-1
dir	0
langsiktig	1
ettersom	1
die	0
fengselet	-1
henrik	1
mathisen	1
fortjener	1
restauranter	1
hvitt	-1
dårlig	-1
penger	-1
mms	1
the	0
heve	-1
politiloggen	0
aktører	1
selvtillit	-1
palestinske	-1
militære	-1
sette	1
drapet	-1
