helge	0
finans	0
strengere	0
helga	1
straffespark	1
beløp	0
champions	1
søker	0
skjul	1
krangel	-1
florida	-1
eldste	1
tilstanden	-1
tyder	-1
verdt	1
arthur	-1
topps	1
kroner	1
materiale	0
fraktet	-1
kjøtt	1
vanligvis	0
gjelder	0
overtok	1
opprettholde	0
torsdagens	0
annonseselger	0
unntak	1
raste	-1
john	1
produkter	0
mennesker	-1
klima	0
grei	1
kristoffer	0
finale	1
timen	0
grep	0
times	0
timer	0
manga	0
bekymring	-1
keeperen	1
skjermen	1
arbeidskraft	0
stengte	-1
tone	1
januar	-1
avsluttet	1
avsluttes	1
avslutter	1
redaksjonen	-1
tonn	-1
vraket	-1
smiler	1
red	1
sjekk	0
tomt	1
legene	0
smått	-1
kandidat	1
ren	1
parter	0
misfornøyd	-1
debut	1
allierte	-1
naturlig	1
kampanje	-1
papir	1
klikk	-1
etterspørselen	0
advarsel	0
havnet	-1
stadion	1
hordaland	-1
ingenting	0
ambassaden	-1
observert	0
damer	1
økende	-1
derpå	-1
samtale	1
tony	0
jan	1
runar	1
sikkert	1
forhandlinger	0
opplysningene	-1
kjøpt	0
konflikter	-1
morgen	0
oppstår	-1
planlegger	-1
konflikten	-1
topp	1
utstyrt	1
femte	1
sparta	0
morges	0
medalje	1
pappa	1
høyst	0
beskytte	-1
personbil	-1
truer	-1
vadsø	-1
versjon	1
truet	-1
bakgrunnen	-1
halvannet	0
forsinket	-1
innenfor	0
kjøpe	0
tjente	-1
halvannen	0
rammet	-1
rammes	-1
dagfinn	0
medier	-1
rammer	-1
kommune	-1
havner	-1
psykiske	-1
minuttene	1
virke	-1
vegard	1
span	0
stemmene	-1
forklare	-1
veier	-1
grad	-1
problemene	-1
veien	0
karasjok	-1
nybygg	-1
moren	-1
helgens	0
nordsjøen	0
rbk	0
forklart	-1
gran	1
hege	0
utgave	1
erlend	1
gram	1
chris	1
underveis	1
bjarte	0
trygghet	1
bakken	1
fortelle	1
kjørt	-1
hytter	0
steinkjer	-1
overtid	1
andres	-1
avhørt	-1
helle	0
oppslutning	0
meteren	1
eksisterer	0
europas	0
dine	0
innslag	1
ran	-1
navigator	1
kjøre	0
tore	1
royal	-1
tillegg	1
økonomien	-1
ukraina	-1
brown	0
lillehammer	1
rad	1
daglige	0
fredrik	1
vanskelig	-1
vann	-1
rock	0
bykle	0
jobb	1
internett	-1
viktigere	1
vant	1
størst	0
glade	1
hverdagen	1
helt	1
hjørnet	1
bordet	1
menn	-1
vegårshei	0
ros	1
større	0
rom	1
arttittel	-1
ment	-1
roy	1
presidentvalget	0
rente	0
tilskuere	1
påstandene	-1
gjengen	1
scene	1
angivelig	-1
sørlige	-1
dyrt	0
raskt	0
masterstudier	1
roar	1
bekjempe	0
flyr	-1
nærmest	1
forskning	-1
framtiden	0
joe	1
løft	1
operasjonsleder	-1
jon	1
nettkamera	-1
senest	-1
jos	1
vinguiden	-1
dyre	1
analyse	0
fremtiden	1
sosial	0
hele	1
riksvei	-1
høyre	0
teste	1
fange	-1
nødhjelp	-1
overta	-1
hell	1
helg	1
vanvittig	1
jentene	1
nærmere	0
informasjon	-1
rampelys	-1
dypt	0
helst	1
senere	0
budsjettet	-1
kompetanse	0
mest	0
får	0
jim	0
anita	1
kjører	1
komplett	0
helse	-1
overlevde	0
overtar	0
valget	-1
politi	-1
danielsen	0
overskudd	1
merk	-1
hareide	1
sentralbanken	0
resultatene	0
riktignok	1
ansvarlige	-1
lovlig	0
sentral	1
villige	0
helikopteret	-1
mannlige	0
trygge	0
indexof	0
nettradio	-1
tilsvarer	0
raske	1
emner	0
innenriks	-1
nær	0
utgifter	-1
bosatt	0
indeksen	-1
valg	0
indekser	0
tanke	1
giftet	0
børsene	-1
super	1
inntekter	-1
fotball	1
støttet	-1
rio	0
alltid	1
støtter	1
budsjett	-1
lavere	-1
sven	1
straffe	0
støtten	1
afghanske	0
medhold	0
isen	0
uttaler	-1
offer	-1
fremdeles	1
biskop	1
rik	1
uttalt	-1
håpet	1
håper	1
torsken	0
lyngdal	0
nøye	1
gangen	1
statistikken	0
vakt	-1
flukt	-1
uttale	-1
konferanse	-1
høvåg	0
tittel	-1
stenger	0
konsekvenser	-1
partene	-1
glimt	1
firmabil	0
forholdsvis	1
rekord	1
arena	1
publikum	1
billetter	1
følgende	0
audun	0
skjer	-1
forsker	0
tredje	1
narkotika	-1
fordeler	1
system	-1
nederlandske	0
sportssjef	1
tøffe	1
iraks	-1
tittelen	1
nedover	0
innholdet	0
preg	1
ropte	-1
fremstår	0
viruset	0
signe	1
toget	-1
svar	0
press	0
aktuelle	-1
kveld	1
påvirket	-1
charles	0
sorg	0
odds	1
utført	-1
huseklepp	1
perry	1
løpende	0
påvirker	-1
oppsummering	-1
svak	0
gjennomsnittlig	0
tilgang	-1
understreket	-1
obama	-1
understreker	-1
artister	1
forvaring	1
drevet	-1
søkte	-1
medium	1
redaktør	0
avklart	0
jorda	0
tekniske	0
world	0
vare	1
realiteten	-1
befant	-1
overhodet	0
sentralbord	1
samarbeide	0
smerter	-1
elektronisk	1
carl	-1
tyskerne	0
skuespiller	1
kolliderte	-1
tilfellet	-1
rss	1
københavn	1
tilfeller	-1
kriminalitet	-1
filmer	1
prix	0
spare	0
rønning	0
vist	1
minutter	1
kjenner	0
bjørgen	1
norske	0
absolutt	1
viss	0
hjemlandet	0
aftenblad	-1
dekke	-1
religiøse	0
vise	1
pris	1
godkjente	-1
varm	1
europeisk	0
filmen	-1
forklaringen	-1
sparer	1
kvinesdal	0
sone	-1
qaida	0
solide	1
cato	1
ringer	1
arbeidsgiver	0
ulovlige	-1
sogndal	1
ryggen	1
imponerende	1
spurte	0
bjørnebye	1
første	1
sony	1
alarm	-1
artbyline	-1
åpne	0
vunnet	1
skadd	-1
krevende	1
skade	-1
inntrykk	1
nilssen	0
likhet	1
utenom	1
hendene	0
elevene	-1
karakter	1
høyest	0
vitner	-1
kraftig	-1
sak	-1
giske	0
erfaringer	0
utvalget	-1
morgenen	0
betalt	-1
eøs	1
nødvendige	-1
skadene	-1
drive	-1
rapport	-1
morgan	0
avslørt	-1
sola	0
låne	0
omgangen	1
likt	1
grove	-1
betale	-1
portrett	0
russerne	0
landets	-1
væpnet	-1
uttrykk	0
statens	-1
importørliste	0
like	1
grovt	-1
poenget	1
san	1
sas	-1
høyere	-1
soma	-1
børsen	0
formelt	0
billett	1
midtbane	1
origo	-1
linn	1
kombinasjon	1
jord	0
mandag	-1
mennene	-1
mandal	0
madrid	0
link	-1
utnytte	1
overraskende	1
knyttet	-1
line	0
kamera	1
tove	1
hånd	1
beholde	0
stadig	-1
unnskyldning	-1
nødt	-1
opptatt	1
balanse	1
karrieren	1
vedkommende	-1
veteranen	1
jobbe	1
armen	0
mourinho	1
hindre	-1
drar	1
stoff	-1
andel	0
sjette	1
drap	-1
valgte	1
nærmer	1
røkke	0
offentliggjort	-1
nasjonalforsamlingen	-1
mamma	1
tilliten	-1
indiske	0
dagsavisen	-1
tour	1
avslutning	1
sogn	-1
grensen	0
omgang	1
grenser	-1
etablerte	1
tandberg	-1
viktigste	1
bjarne	1
dekker	-1
skaper	-1
høydepunkter	-1
slett	0
sjekket	-1
funn	-1
støre	1
kvartfinalen	1
dekket	0
uttalte	-1
moskva	-1
ferske	1
oppnå	0
jens	-1
identitet	0
venstre	0
jørgen	1
fullført	0
robert	1
ledende	-1
omkommet	-1
sykdom	-1
jæren	0
liga	1
celtic	0
pasienter	-1
trenere	1
oppdatert	-1
innvandrere	-1
pasienten	-1
branns	1
leserne	1
motsatt	1
media	-1
største	0
samle	0
fjell	0
overganger	-1
skottland	0
overgangen	1
justisminister	0
dårligste	-1
full	0
lerkendal	1
parken	1
glass	1
oversikt	0
august	-1
rtha	0
beskjeden	1
neste	1
åpen	1
arbeiderpartiets	0
sjansen	1
landene	-1
glipp	-1
opprinnelig	0
sjanser	1
hvorav	0
nådde	0
drev	-1
deltatt	0
siktelsen	-1
automatisk	0
upassende	-1
sperret	-1
sentrum	-1
fysisk	0
etternavn	-1
group	-1
firmaet	-1
paulsen	0
rykker	-1
haukeland	-1
kim	1
rykket	-1
svindal	1
libanon	0
fest	1
fett	0
sjekke	0
usikre	-1
administrerende	0
andr	1
partner	-1
går	0
asker	0
black	-1
sjokkert	-1
vidt	1
cupen	1
landslag	1
wigan	1
somalia	-1
solgte	0
kripos	-1
enkelte	-1
lyon	0
rykter	0
nødvendig	-1
regne	1
årets	1
bakke	1
svensk	0
utfordring	1
komiteen	0
brenner	0
middag	1
lignende	-1
mesterligaen	0
handling	-1
siv	0
stiger	0
dører	0
stein	-1
gjort	-1
anlegg	0
lengste	1
farlig	0
stormet	-1
iranske	-1
ferd	-1
france	1
tildelt	1
døren	0
ansvar	-1
nordmannen	1
nederland	0
døden	-1
cecilie	1
tradisjonelt	1
tvang	-1
thor	1
sir	1
tilby	1
sekunder	1
topper	1
erna	1
plassen	1
toppen	1
modeller	1
sender	-1
hensikt	0
satte	1
modellen	1
sendes	-1
dobbel	0
knudsen	1
faglige	0
skatt	-1
egentlig	0
plasser	0
lyse	1
medlemskap	1
avgjør	0
kritisert	-1
lenger	0
victoria	1
nationen	-1
klarte	1
innsendt	1
gammelt	1
befinner	-1
lyst	1
afghanistan	-1
liverpool	1
naboen	0
kaffe	1
naboer	1
bodd	1
agent	1
sønn	0
lasse	1
konkrete	-1
selskap	0
løsning	-1
levende	1
daværende	-1
bidrag	1
liggende	0
marius	1
leder	-1
wall	-1
ledet	1
mester	1
skogen	1
sex	-1
ringte	0
byer	0
ser	0
byen	1
medielab	0
utbytte	0
snakke	1
veggen	1
nilsen	1
artist	1
dagensit	0
søkt	-1
ødela	-1
betalte	-1
sannsynlig	-1
christensen	1
sea	-1
nordmann	-1
fornøyde	1
muligens	1
tiltalte	-1
ambulanse	-1
bygd	0
webtv	0
bygg	0
kvaliteten	1
satse	1
sep	1
konstituert	0
landet	-1
sølv	1
selvsagt	1
kveldens	1
william	0
manager	1
krf	-1
forbereder	0
score	1
ordning	-1
meldte	-1
tvedestrand	-1
skapt	0
deltakere	1
torgeir	1
terry	-1
sigurd	1
slå	0
nina	1
vegvesen	-1
storberget	0
fungerer	1
renten	0
utvalgte	1
vind	0
muslimske	0
renter	-1
sol	1
barth	0
amerikansk	-1
folkeparti	0
mjelde	1
terra	0
søke	0
erik	1
melding	-1
nils	1
forsvarets	-1
teknologi	0
harald	1
skilt	-1
vinn	1
betaler	0
snø	0
sendte	1
krigen	-1
levde	0
rystet	-1
tvil	1
angrepet	-1
øyne	1
væpnede	-1
fædrelandsvennen	0
duoen	1
heyerdahl	1
troppen	1
fortjent	1
huset	-1
sri	-1
operert	0
sterk	1
rogaland	-1
feil	-1
norge	0
regel	1
supportere	1
kongelige	1
italienske	1
eriksen	1
aston	0
økning	-1
foreslår	-1
bombe	-1
tråd	0
drikker	0
små	1
østenstad	1
ledelse	1
sponheim	0
skape	0
design	1
ligge	1
dobbeltabell	0
prosjekter	0
eier	-1
slo	1
kvelden	1
fremskrittspartiet	-1
huske	1
prosjektet	-1
skuddet	1
toppscorer	1
omstridte	-1
sky	1
vises	0
kosovo	-1
facebook	0
viser	-1
fortsatte	1
sett	0
arctic	-1
lever	0
ski	1
endring	0
november	-1
fullstendig	0
sko	1
videregående	0
bryte	-1
league	1
skapte	1
produksjonen	-1
redd	-1
relativt	1
this	0
manchester	1
merke	1
scope	0
episoden	-1
sendt	-1
runden	1
snu	-1
runder	1
avgjorde	1
online	0
real	1
steve	1
ettermiddag	-1
kommenterer	0
særdeles	1
trenger	0
eventuelle	-1
vurdering	0
russland	-1
voldsomt	1
polen	0
iran	-1
sammenstøt	-1
uendret	0
barna	-1
grunn	-1
hægebostad	0
irak	-1
barne	0
sms	0
lansert	1
situasjonen	-1
felt	0
forskerne	-1
eide	-1
situasjoner	0
nrks	0
sende	0
ellingsen	0
guide	1
aktiviteter	1
jordskjelvet	-1
sjelden	1
passer	1
debatten	-1
opprørere	-1
rune	1
japanske	-1
debatter	0
pågrepet	-1
tenner	-1
nyhetene	-1
gleder	1
terje	0
vålerenga	1
favoritt	1
signaler	-1
enorm	1
danske	0
yngste	1
regi	-1
turn	1
lastebil	-1
storebrand	-1
stå	1
visste	0
newcastle	0
sjåføren	-1
stoppe	-1
skien	0
østerrike	1
regn	-1
bord	-1
rettssak	0
straffen	0
straffet	-1
serbia	-1
dropper	0
showet	1
beijing	0
kåre	1
likevel	0
holdninger	-1
syn	-1
bakgrunn	-1
grønt	1
kunder	-1
oppland	-1
forferdelig	-1
syk	-1
spør	0
laden	0
document	0
benytter	0
benyttet	0
tekst	-1
grønn	1
anmeldelser	-1
syv	0
amerika	0
strømsgodset	1
raser	1
falle	-1
raset	-1
forsvant	-1
jul	1
jun	-1
aksjen	0
overgang	1
bryne	1
aksjer	-1
fransk	1
offensivt	1
snøen	-1
øyvind	1
spilletid	1
skrev	-1
sittende	-1
kamper	1
kampen	1
nevnte	1
ssb	-1
klarer	1
album	1
demonstrantene	0
påstander	-1
begynner	1
lagmannsretten	0
behovet	-1
taper	-1
stund	1
klar	1
tapet	-1
elisabeth	1
gjennom	0
canada	0
kultur	-1
white	1
sto	1
tyveri	0
alvorlige	-1
opsjoner	-1
målselv	-1
that	0
str	1
styret	-1
styrer	-1
regningen	-1
skylden	-1
beckham	1
skyldes	-1
skylder	-1
kongo	0
afrika	-1
bloomberg	-1
saudi	0
tidligere	0
rute	0
sun	0
trøndelag	0
meldingen	-1
guttene	0
bjørnar	0
meldinger	-1
utvidet	0
ærlig	1
flest	-1
økonomisk	-1
frukt	1
høyde	1
ronaldo	1
birmingham	-1
svs	0
brussel	0
rasende	-1
grov	-1
service	0
økonomi	-1
skriv	-1
passet	1
forsvare	-1
tak	1
quart	1
visse	-1
hende	1
hoppet	0
planlagte	-1
trusler	-1
stilles	-1
anke	0
flere	0
melder	-1
stiller	0
falsk	0
forholdene	0
møte	0
trafikkulykke	-1
interesse	1
salen	1
begynne	1
lengre	0
skjebne	-1
forrige	0
kidnappet	1
teller	1
pubdate	0
national	-1
tilbudet	-1
jakten	0
inneholder	-1
avis	0
jakter	0
møtt	1
kai	0
jørgensen	1
stemning	1
sånt	1
jerusalem	0
nekte	0
tas	-1
tar	0
vellykket	1
tap	-1
bodø	-1
kjørte	-1
fremover	1
leiren	0
reagerte	-1
google	0
rene	1
voldsomme	-1
værmeldingen	-1
blikk	1
skyldig	-1
eldre	0
konkluderer	-1
renn	1
pågår	0
kjempet	0
kjemper	0
kneet	-1
rent	1
ferien	1
nyttår	0
møre	0
gruppa	1
tdn	0
mørk	1
brant	-1
garantert	1
hevde	1
grete	1
boks	-1
lengst	1
gruppe	-1
brann	1
språkbruk	-1
dagers	-1
minutters	1
ligaer	0
kjedelig	1
farten	1
børspause	0
ligaen	1
opplevelse	1
fungerte	1
boka	0
spangereid	0
bidrar	0
kjendis	1
strømmen	-1
stede	0
sliter	-1
lære	1
dagbladet	-1
vigeland	0
tradisjon	1
konsernsjef	0
advokaten	-1
biltester	-1
varetekt	0
advokater	-1
alfheim	1
bransjen	0
lært	1
utviklingen	-1
sliten	1
rett	0
seere	1
passasjerer	-1
avisa	-1
class	0
bjørnstad	1
expressen	-1
motstand	0
leilighet	0
nivå	1
bladet	0
organisasjon	-1
hevet	0
kåret	1
sjefen	0
anker	1
anket	0
aksjon	-1
dagens	0
anser	-1
gjerstad	0
drapene	0
ansatte	-1
avgjørelse	0
stor	1
begynte	0
nettopp	1
mobilen	1
brakt	-1
stillingsvarsling	1
rikeste	1
bildeserier	0
turister	1
årene	0
trykket	0
stallen	1
internasjonal	-1
with	0
hjelper	1
viste	1
steen	0
artingress	-1
viking	1
departementet	-1
revet	0
avdekket	-1
henge	1
alternativer	1
dagene	0
alternativet	0
anna	0
premier	1
visst	1
anne	0
riktig	1
adressa	0
tenk	1
postboks	-1
leeds	1
adresse	1
personlig	1
ansiktet	-1
oscar	1
hjulpet	1
stig	1
henhold	0
gripe	-1
voldtekt	-1
opptil	-1
iversen	1
klare	0
sørlandet	0
sjokk	0
syria	0
else	-1
gabrielsen	0
nokas	0
tema	0
kortere	1
klart	1
klassen	1
solskjær	1
utlendinger	-1
meste	1
lærer	1
bil	-1
gjentatte	-1
skattelistene	-1
luften	-1
bin	-1
big	0
kutt	-1
innhold	-1
parti	-1
knust	-1
bensin	0
dokumenter	-1
betydning	-1
seksuell	-1
forholdet	-1
side	0
partileder	0
behandlet	-1
bildeserie	-1
behandles	-1
snudd	-1
midler	-1
ankom	0
senket	1
fremtid	0
spår	0
tingrett	-1
svarer	0
bente	1
svaret	0
frivillige	0
reagerer	-1
stil	1
konkurranse	1
ytterligere	-1
tufte	0
engang	0
flytte	0
eksplosjonen	-1
hoppe	0
oppfølging	0
kurs	0
landsmøtet	0
kurt	1
ham	0
langrenn	1
sportslig	1
tviler	-1
irland	0
bob	1
koblet	-1
pdf	-1
bok	0
sies	1
forhindre	-1
kreve	-1
sier	0
våpenhvile	-1
formål	0
kirken	-1
planen	-1
presidenten	-1
kjøper	-1
planer	0
larvik	-1
dronning	1
bruken	-1
strømstad	-1
kortene	0
bolig	-1
erichsen	0
spørre	0
georgia	-1
oppgjør	1
kroppen	0
språk	0
hussein	0
effektiv	1
bjelland	0
bruker	-1
bmw	1
teater	1
sivile	-1
slottet	1
teborg	0
testet	1
kvalifisering	0
hamas	0
brukes	0
hamar	0
webmaster	1
spenning	1
tester	0
henvendelser	-1
driften	-1
breivik	1
justisdepartementet	-1
testen	1
bestemt	0
spillere	1
argentina	0
par	1
omtalte	-1
stod	1
etterlyser	-1
verdenscupen	1
name	0
volvo	-1
hånden	0
forventningene	0
betydelige	0
mannens	0
music	1
orderud	-1
brystet	1
tiår	0
tallet	-1
emneord	-1
stjernene	1
slutten	1
sluttet	0
blå	1
slutter	0
ført	-1
bom	0
forårsaket	-1
overfor	-1
bor	1
bot	-1
stått	1
statsministeren	-1
tegn	-1
pressekonferanse	0
torjussen	-1
føre	-1
fredagens	0
energi	-1
hel	1
musikk	1
opptak	-1
trøbbel	0
hei	1
inspirert	1
hovedside	-1
elin	0
fengslet	-1
programmet	0
sluttspillet	0
vold	-1
vedtak	-1
temperatur	1
bilen	0
bbc	-1
biler	-1
årige	0
jenta	-1
offentlig	-1
forstår	-1
helstad	-1
olsen	1
anbefaler	0
oslopuls	-1
jente	0
php	0
het	1
forsinkelser	-1
fortalt	-1
diskut	0
ofre	-1
tysk	0
broren	0
bak	1
foran	1
fatet	-1
nokia	0
mobil	-1
bilde	0
oftere	-1
bad	1
effekten	0
besøk	1
virkelig	1
nato	-1
arbeidslivet	-1
natt	-1
nærheten	0
bar	1
sitte	1
gratis	1
lands	0
risikerer	-1
forbi	1
opplyste	-1
tørrissen	0
statsråden	0
fattigdom	0
avtalen	-1
rysstad	0
avtaler	0
kolleger	0
lister	-1
bringe	0
putin	0
listen	0
tonstad	0
dessuten	1
brukte	0
gundersen	1
bilene	-1
byttet	1
birkeland	1
bytter	1
star	1
hvert	1
stat	0
taler	1
offisielle	0
oftest	0
forby	0
uklart	-1
per	0
gulvet	0
finnsnes	-1
jubler	1
etablere	0
trondheims	0
usikkert	-1
janne	1
vær	0
etablert	1
skuffende	0
samfunn	-1
bety	0
euro	0
type	1
eivind	0
hiv	0
viktige	0
innlegg	-1
innlegget	0
kyrkjebygd	0
ille	0
krekar	0
følg	0
føle	1
heldige	1
enten	0
økningen	0
hilde	1
ber	-1
bjerke	0
fattige	-1
overraskelse	1
team	1
ben	1
digitalsport	1
konkret	0
sluppet	0
bildene	-1
paul	1
sikrer	0
sikret	1
medlemmer	-1
nettsted	-1
christian	1
kanal	-1
utenlandske	-1
norden	0
ruud	0
gjennomføre	-1
nevnt	1
roger	1
stortingsrepresentant	0
avstemning	0
seier	1
ofte	-1
nordea	0
torsdag	-1
medisinske	0
gjennomført	-1
rollen	1
kostnadene	0
februar	-1
reuters	-1
sport	-1
forskjellige	1
telefon	-1
carlsen	1
sistnevnte	1
halve	1
pass	-1
blomster	1
opprinnelige	0
steg	1
sakene	-1
sted	0
plan	-1
lån	-1
avtale	-1
mannskapet	-1
klasse	1
låt	1
stem	0
oppfatning	-1
halvt	0
duell	1
kinas	-1
skrevet	0
berg	1
tipset	-1
arrangeres	1
landslaget	1
styrkene	0
faktisk	1
pop	1
politikken	-1
begeistret	1
rasisme	-1
meter	1
gander	1
riseth	-1
voss	0
nordisk	1
myhre	1
sira	0
bunn	0
finland	0
beskriver	1
kvartal	-1
siri	0
operasjonen	0
operasjoner	0
zlatan	-1
eirik	1
ødegaard	1
mesterskapet	1
norsk	0
turen	1
tiltalen	-1
konservative	-1
god	1
bildetekst	-1
kysten	0
politisk	-1
best	1
golf	1
gullet	1
årsaker	-1
særskilt	-1
årsaken	-1
forskere	-1
tøffere	0
utslipp	0
ungdom	-1
påstand	0
sentralbyrå	-1
velger	0
rekke	-1
prosent	-1
utdannelse	0
kostnader	0
ronny	1
erfaring	1
gamle	0
mediene	-1
hoftun	1
nettverk	0
invitert	1
pst	0
buss	-1
rettigheter	-1
pedersen	0
svarte	0
kreft	0
journalisten	-1
vgtv	0
kravene	-1
beskjed	-1
hamre	0
bush	-1
statlig	-1
thorbjørn	0
kvarter	1
reddet	1
sørensen	1
oppsto	-1
journalister	-1
kampoversikt	0
johan	1
kristiansand	-1
født	1
søndag	0
trekke	-1
aftips	0
kaster	-1
kastet	0
ekstra	1
håndtere	-1
distriktet	0
eventuell	0
bislett	1
siste	0
dommerne	0
abonnement	-1
mccain	-1
gro	0
samtidig	0
ledelsen	1
hushovd	0
eventuelt	-1
blogg	0
etterhvert	1
thead	-1
reisende	0
you	0
bilister	-1
kritiserer	-1
kontrakter	0
stanse	-1
diesel	0
lurer	1
gaza	-1
kontrakten	1
mediehuset	0
emil	1
leter	-1
myndighetene	-1
kværner	0
bent	1
sterkere	0
bein	1
pagetracker	1
fleste	0
unngå	-1
engelske	1
sikt	-1
omsorg	-1
kapasitet	1
velkommen	1
fristen	1
polske	0
bra	1
sunderland	1
utenfor	1
grundig	0
gud	-1
undersøkelsen	-1
lette	1
enighet	-1
nabo	0
søte	1
dagbladets	1
trives	1
anlegget	-1
undersøkelser	-1
kravet	-1
valueof	0
boligen	-1
høyeste	-1
gore	0
skjedd	-1
imponert	1
boliger	-1
dommen	-1
portsmouth	0
mulige	0
bommet	1
block	-1
dommer	0
advokat	-1
motstandere	-1
gatene	-1
stemmer	0
levere	0
paris	0
transport	0
opera	1
rekker	1
hauge	0
forfatteren	1
politikk	-1
motorsport	-1
vekst	0
bjørndalen	1
åpningen	1
berømte	1
levert	0
populær	1
rooney	1
btv	0
fritid	-1
forsvinne	0
sektor	0
usas	-1
tyrkia	-1
falske	-1
finne	0
tyske	0
låter	1
nokså	1
regissør	1
gang	1
bud	1
setesdal	-1
trengte	1
saken	-1
forholde	-1
tidende	-1
etappe	1
inger	0
juli	-1
datter	0
saker	-1
greske	0
åsane	1
abbas	0
diskutere	0
opererer	-1
personlige	1
nettsider	1
fornavn	-1
trukket	0
fakta	-1
amundsen	0
benken	1
stabæk	1
legevakten	-1
gata	0
ønsket	0
diskutert	1
løs	-1
sint	-1
ønsker	0
patrick	1
merket	-1
løp	1
erstatning	-1
løv	0
mathias	1
gate	1
scoring	1
bedt	-1
foretatt	-1
strid	-1
juni	-1
kommunale	-1
paret	0
utgjør	-1
fungere	1
ledig	0
miste	-1
israel	-1
toyota	0
dommeren	0
sudoku	0
innstilling	0
tidvis	1
gass	-1
merker	1
randaberg	0
hjalp	1
måned	0
hender	0
gjerne	1
ansatt	-1
påkjørt	-1
høyesterett	0
sterkeste	0
verdien	0
presse	0
verdier	-1
savnet	-1
plassering	1
lillestrøm	1
bestill	-1
savner	1
topplister	0
foretrekker	1
tusenvis	-1
byr	1
arbeiderpartiet	-1
offensiv	1
resultatservice	0
store	0
stord	-1
lenge	1
idretten	1
internt	-1
mona	0
utstyr	-1
området	-1
storm	0
leie	1
områder	-1
ga	1
leif	0
øke	-1
fk	1
forbruker	1
stort	1
fr	1
samtalene	1
fn	0
kommisjonen	-1
hovden	0
engine	-1
fantastisk	1
avvist	-1
plate	1
omsetning	0
tidenes	-1
he	0
plata	1
spørsmålet	-1
sandnessjøen	0
sykdommen	0
virkelige	0
gi	0
uheldig	-1
mons	1
air	-1
gt	1
plass	1
knut	0
gr	1
go	1
økt	-1
dt	-1
gift	0
legg	0
lege	-1
jordskjelv	-1
ledere	-1
motoren	1
stopp	0
slaget	1
dd	0
skremt	0
sagt	0
vinter	1
dl	1
do	0
dn	-1
aktivitet	0
vakker	1
dr	1
bidro	1
eu	-1
hæren	-1
konsernet	1
haugen	1
nedbør	0
politiker	0
fa	0
flekkefjord	-1
statoilhydro	-1
fc	1
målingen	0
interessert	1
nytt	0
el	0
gahr	0
bidra	0
ei	0
ektemannen	0
forslaget	-1
em	1
gradvis	1
angeles	-1
slitt	1
bondevik	-1
landslagstrener	1
krefter	1
normal	0
imidlertid	0
reise	1
nyte	1
by	0
br	0
karlsen	1
frode	1
tomme	0
bt	1
posisjon	1
bo	1
bj	0
heter	-1
bl	1
leste	1
akseptere	-1
reist	0
utfordringen	1
tommy	1
ann	0
utmerket	1
utfordringer	1
be	0
db	0
milan	1
menneske	1
valle	1
lene	1
reiser	1
fulgte	1
johnsen	1
forbindelse	-1
samarbeider	1
magen	0
minste	1
morsomt	1
anb	-1
samarbeidet	1
and	0
valla	-1
co	1
cm	1
sekund	1
kautokeino	0
mette	1
nordmennene	0
anmeldt	-1
securities	0
senter	-1
eksempel	0
roman	1
andreas	1
gikk	0
cd	1
kirkenes	-1
frispark	1
utstillingen	1
ekte	1
håland	-1
størrelse	0
våre	0
kristian	0
enige	0
lurte	1
alt	1
omtalt	-1
kalles	0
vårt	0
kaller	0
politiet	-1
all	0
passe	1
stolt	1
diego	1
stoke	0
annonser	-1
drikke	1
ali	-1
ba	-1
stjålet	-1
alf	0
as	0
vokst	1
derimot	1
britene	-1
allerede	1
mikael	1
verste	-1
al	-1
gjelde	0
color	-1
ap	-1
michael	1
midtøsten	0
an	0
framtida	1
ida	1
fvtips	0
galt	-1
pakke	1
vokse	1
skatten	0
baksiden	0
basketball	0
fylkesmannen	-1
rette	1
nr	1
sterke	0
brannen	-1
vinteren	1
nettavisen	-1
boken	0
ny	0
heller	0
barentshavet	0
nelaug	0
rangers	1
of	0
rushfeldt	1
nettannonser	1
pluss	1
button	0
forlater	0
øst	0
europeiske	-1
on	0
ok	1
representant	1
ol	0
sterkt	0
nbsp	0
utbyggingen	1
nåværende	0
ulykken	-1
stillingen	1
os	0
regjeringen	-1
lagmannsrett	0
ulykker	-1
stillinger	0
straff	-1
delt	1
kø	1
dels	0
kombinert	1
retur	1
aas	1
hjerte	1
fulham	1
smalt	0
faglig	0
pc	0
lå	0
region	0
lo	-1
deles	1
slikt	0
deler	-1
moss	0
hovedsak	0
skole	-1
lt	1
delen	0
utgangspunkt	1
lykkelig	1
barnehagen	-1
barnehager	0
britney	0
sammenheng	-1
mc	0
slike	-1
interaktiv	-1
ma	-1
prosessen	0
gjaldt	0
dele	1
mk	-1
lørdagens	1
butikk	1
narvik	1
fanget	-1
fanger	-1
hensikten	0
mo	-1
øre	0
mr	1
frykt	-1
siktede	-1
nærmeste	1
utenriksminister	-1
forbundet	-1
delicious	1
my	0
kroatia	0
mål	1
na	1
wayne	0
byåsen	1
ørn	1
nm	1
reiste	1
jean	1
afp	-1
hellas	0
lokal	0
familie	1
straks	-1
jr	0
jo	1
hevder	-1
studier	-1
skiller	1
hevdet	-1
love	1
skyting	1
italia	1
reglene	-1
strake	1
rådgiver	-1
moro	1
utsette	-1
doku	0
prosess	1
lovet	0
lover	-1
idet	0
tydelig	0
levd	0
kv	-1
streiken	-1
leve	0
aftenpostens	0
kr	1
etappen	1
kl	0
km	1
reiseliv	0
grupper	-1
lillesand	-1
gruppen	-1
le	1
la	1
hr	1
hjem	1
brøt	-1
nyhetsbyrået	-1
adm	0
domstol	0
drift	-1
lese	1
hydro	-1
administrasjonen	-1
vestlandet	0
ukene	0
id	1
studentene	-1
negativ	-1
kongen	1
trening	1
trakk	0
if	0
forestillingen	1
interessante	1
hamkam	1
tørum	1
ukens	1
spent	1
lest	-1
begått	-1
dø	-1
ir	-1
is	0
kommentarer	-1
it	0
apititle	0
besøke	1
loven	-1
ii	0
il	-1
bankene	-1
in	0
lete	-1
sudan	-1
gamst	1
harstad	-1
uventet	1
nedtur	-1
lett	1
forsøk	0
smart	1
sarkozy	-1
hidra	0
strand	1
stiftet	0
legger	0
stoltenberg	-1
legges	-1
godkjent	0
spor	1
mistenkte	-1
traff	1
nordiske	0
naturligvis	1
washington	-1
svare	0
sø	0
klubb	1
oljeprisen	0
hanne	0
dntv	-1
kilden	1
sammenlagt	1
deltakerne	1
tilfelle	-1
redusert	-1
innført	-1
svart	-1
ordningen	-1
international	1
dratt	0
trine	1
partiene	-1
frykten	-1
planlagt	-1
betydelig	-1
næringsliv	-1
redusere	-1
gravid	0
innføre	0
hos	0
behov	-1
naturen	1
we	0
satsing	0
osama	0
vm	1
avansert	0
finalen	1
vg	0
grunnen	0
hemmelig	-1
grunner	-1
framtid	1
rektor	0
tilhører	0
spre	-1
delvis	-1
ullevål	-1
snudde	0
våknet	1
risikoen	-1
hard	1
mulighet	1
park	0
utvikling	0
havne	0
smith	1
us	0
front	-1
stjerne	1
samtlige	1
fjorårets	1
brukerne	0
kristine	0
overkant	1
up	0
erklærte	0
norwegian	0
tt	0
tv	0
øye	1
ud	-1
øya	0
fysiske	1
lanka	0
øverste	0
derfra	1
redaksjonssjef	1
arsenal	1
bengt	1
verre	-1
kniv	-1
videoen	0
basert	0
jostein	0
gardermoen	0
videoer	0
te	1
spørsmålene	0
romsdal	0
th	0
initiativ	0
konflikt	-1
eiendommen	1
ordnet	1
ungene	1
eiendommer	0
ta	1
sønnen	0
langs	1
su	-1
sv	-1
ss	1
tjener	-1
st	1
langt	1
bevis	-1
personen	-1
utgangen	0
sp	-1
mexico	0
alternativ	1
forbruk	0
se	0
kanskje	1
lønn	0
fremste	0
james	1
øyeblikk	1
beskyttet	0
sa	0
kvitt	0
carlos	1
pund	0
rv	-1
dommere	-1
statistisk	0
besøket	1
forum	0
ro	1
tingene	1
senteret	0
arvid	-1
klubbene	1
signal	-1
re	1
operasjon	-1
utlignet	1
tyskland	-1
kilder	-1
verst	1
meters	1
klage	-1
oppe	1
kontrakt	1
lyngen	-1
eiken	1
klubbens	1
personer	-1
øvrig	1
fryktet	-1
verken	0
frykter	-1
meldt	-1
samling	1
underholdning	-1
direktøren	0
bergen	0
hamr	0
berger	1
klassisk	1
forskjellen	0
berget	1
ønske	1
prinsippet	0
forskjeller	-1
tvunget	-1
melde	0
lange	0
lø	0
px	1
bosnia	-1
handlet	0
myndigheter	-1
grader	0
foto	0
leser	1
forklaring	-1
foreligger	0
halv	0
pr	1
derfor	-1
handler	0
ps	1
butikkene	1
shell	0
frikjent	0
disclaimer	1
test	1
kjetil	1
ingrid	1
forsvinner	0
gjenstår	1
foss	0
drama	0
retning	1
city	1
open	0
vedtok	0
are	0
løst	1
eiendom	-1
umiddelbart	-1
nordre	0
barcelona	0
søknad	1
generelt	-1
moen	1
delte	0
tett	1
form	1
løse	-1
ferguson	1
beslutningen	0
kjøpte	0
art	1
delta	0
sving	0
fort	1
asa	-1
virksomhet	-1
forslag	-1
svake	0
helen	0
rettssaken	-1
sverige	-1
fadnes	0
oppover	1
rydde	-1
tirsdag	-1
ingebrigtsen	1
mannen	-1
forkorte	-1
diskusjon	-1
dårlige	0
økonomiske	-1
barnevernet	-1
statsbudsjettet	0
forlenget	1
faste	1
forsiden	-1
landsbyen	0
tør	1
styreleder	-1
forberedt	0
magnus	1
fantastiske	1
svakt	1
bråk	-1
babybilder	1
ford	1
forberede	0
thomas	1
slår	0
benekter	-1
meninger	-1
havet	0
braaten	1
opec	0
apr	-1
aps	-1
hus	0
mobiltelefon	-1
omfattende	-1
utviklet	-1
utvikler	1
owen	1
fredriksen	0
bekreftet	0
bygland	0
thorkildsen	0
partiets	-1
desember	0
flytende	0
utrolig	1
slovenia	-1
brevet	-1
helikopter	-1
løpe	1
bekrefter	-1
opphold	0
avd	-1
flinke	1
politiske	-1
show	1
negativt	-1
smittet	0
fjord	0
familiens	0
ukjente	0
hatt	1
apor	0
våpen	-1
gjennomgang	-1
spilles	1
spillet	1
spiller	1
uken	0
jacobsen	1
font	0
holmenkollen	1
nodeland	0
gitt	0
leiebil	-1
nettet	0
redaktøransvar	0
dør	-1
ståle	1
skaffe	0
omkring	0
hasj	-1
magasinet	0
grunnleggende	-1
gjestene	1
beruset	-1
død	-1
nettby	1
billigere	0
statistikk	0
svært	0
nordkapp	-1
kollega	1
fond	1
robbie	1
milosevic	-1
uker	0
kaptein	1
havn	1
består	1
tilsynelatende	0
trist	1
holdning	-1
ringe	0
magne	0
storbritannia	-1
gjennomsnitt	-1
george	-1
multimedia	1
bistand	0
strategi	0
aug	1
negative	-1
verdensmester	1
president	-1
vestbredden	-1
veldig	1
ferie	1
avgjørelsen	0
kundetorg	-1
ennå	1
sykehus	-1
britiske	-1
rolf	0
nielsen	-1
ffk	0
schibsted	-1
marie	1
forsvar	1
inntekt	-1
nho	0
millioner	-1
nhl	0
fep	0
spania	1
maria	1
dermed	0
neppe	0
feb	-1
kors	-1
vanskelige	-1
aafk	1
kort	1
inngått	0
nordreisa	-1
været	-1
bedring	1
hvile	1
anders	1
annan	-1
haugesund	0
gammel	0
vakre	1
opphavsrettslig	0
danskene	1
typisk	1
universitetet	-1
kreves	0
krever	-1
olavs	-1
trygg	1
herlig	1
afrikanske	0
konkurrere	1
dukket	1
vegutbygging	0
overrasket	1
uavgjort	1
altfor	0
røyk	-1
lede	0
knapt	1
trygt	1
engasjement	1
kristiansen	1
utskriftsvennlig	-1
ledd	0
altså	1
dukker	1
jazz	1
deltok	0
glemt	1
målt	-1
besluttet	0
garderoben	1
new	0
plukket	1
profilen	0
ballen	1
nff	0
mads	1
kona	1
gjøres	-1
skjønner	0
grunnlag	-1
siktet	-1
bygge	0
kong	1
nominert	0
mottatt	-1
kone	-1
militær	-1
kilde	-1
arial	-1
høyres	0
foten	0
erstatter	1
åringens	-1
ungdommene	-1
favoritter	1
kaldt	1
artbrodtekst	-1
finske	1
markert	1
plassert	1
fylket	0
fat	0
ordre	-1
far	0
display	-1
label	-1
maks	-1
kalde	0
hansen	1
makt	-1
knivstukket	-1
laget	1
birkenes	0
lager	1
vanlige	1
texas	1
hotell	1
steven	1
såkalte	-1
fremfor	0
telenor	-1
ordfører	0
samtaler	1
redde	-1
drøy	1
divisjon	0
erling	-1
trondheim	0
asia	-1
torbjørn	0
fjordane	-1
historiske	0
drøm	1
friske	1
mail	0
boligprisene	-1
utgavesjef	1
prosjekt	1
tiltak	-1
investeringer	-1
kanalsjef	0
roma	1
skog	0
nav	1
lyktes	1
åpent	1
retter	1
rettes	-1
stefan	1
rettet	-1
raskere	0
filmene	1
diverse	0
økokrim	-1
stjal	-1
involvert	-1
koster	1
kostet	0
spissen	1
koste	0
skjøt	0
sikte	0
sammen	1
ifjor	0
satser	1
nord	-1
rana	0
glede	1
satset	1
kvalitet	1
asle	0
nært	1
hønefoss	1
bunnen	-1
pensjon	1
varsom	0
husker	1
nære	1
tegnet	0
politifolk	-1
treneren	1
retten	-1
søgne	-1
banken	-1
erklært	-1
søk	-1
johnny	0
påført	-1
påvirke	-1
tromsø	-1
lærere	-1
banket	1
sør	-1
banker	0
veksten	0
praktisk	1
miljø	0
besøkte	1
petersen	0
september	-1
forventet	0
fengsel	-1
forventer	0
privat	-1
styrtet	-1
medisiner	-1
kvadratmeter	1
treffer	1
bolton	1
club	1
populært	1
europa	-1
lykkes	1
plusone	0
brukere	0
virkeligheten	-1
rart	1
pakistanske	-1
angripe	-1
båter	-1
egon	1
omfatter	1
amerikanere	-1
camilla	0
krevde	-1
båten	-1
musikken	1
danmark	0
trekker	0
trekkes	0
none	-1
begynnelsen	0
overlevende	-1
bestemmer	1
jonas	1
ulike	0
liter	0
pådro	-1
blad	0
kalle	1
innrømmet	-1
liten	0
innrømmer	0
kvinne	-1
madonna	1
hjemmelaget	1
fornøyd	1
arrangement	1
inntil	-1
frankrike	1
stilte	1
butikken	1
butikker	1
anmeldelse	1
sommeren	1
høyt	1
risør	1
guiden	0
næss	0
bayern	1
arild	0
marit	1
formann	0
tenkte	1
valgkamp	-1
fylt	1
åmli	0
skrå	1
advarte	-1
effekt	0
ciljan	0
skremmende	0
fyll	0
fortalte	0
organisert	-1
annonse	-1
kursen	0
totalt	0
semifinale	1
problem	-1
drillo	1
daily	-1
nesten	0
mye	0
ambassadør	0
totale	0
rask	1
festen	1
utvide	0
høye	-1
festet	-1
kalkulatorer	-1
bokmerke	-1
utspill	-1
deretter	0
nyhetskilder	-1
behandle	-1
knutsen	1
tradisjonelle	1
seieren	1
nye	0
uefa	0
romania	0
sittet	0
mottok	0
enklere	1
sitter	0
eksperter	-1
engelsk	1
jakt	0
jones	0
domstolen	0
hillary	-1
avdøde	0
hovedstaden	-1
richard	0
slags	0
gazastripen	-1
begrenset	0
california	0
juridisk	-1
igjennom	1
artikkelen	0
hovedstad	0
tenker	1
avisene	0
inne	0
livstruende	0
burde	0
halvtime	1
reklame	-1
stukket	-1
østlandet	1
kokain	-1
forsvaret	-1
hetland	0
forsvarer	-1
snakker	-1
israelske	0
monica	0
snakket	1
eva	0
statssekretær	0
formiddag	-1
brannvesenet	-1
belgia	0
lenker	-1
eus	0
teletilsynet	-1
lofoten	0
stemme	1
alkohol	-1
oljen	0
drept	-1
avhør	-1
hverken	0
ifølge	-1
egne	-1
young	1
selger	-1
selges	0
drepe	-1
andelen	0
finnmark	0
svenskene	0
tvert	0
tvers	0
mening	-1
randi	1
skritt	1
lokalt	-1
angrer	-1
stemte	-1
regjering	-1
epa	0
solli	-1
angrep	-1
feire	1
skifte	0
svekket	-1
soldat	0
rbks	0
kalte	-1
tenkt	1
morten	1
foreta	-1
håkon	1
avdelinger	-1
vest	-1
gården	1
borte	1
ntb	0
kjøp	0
sjansene	1
skrive	1
wenger	1
drepte	-1
alder	1
lokale	0
nordmenn	-1
følelsen	1
følelser	1
grønne	1
nsb	-1
fersk	1
www	1
signert	1
politikere	-1
forsiktig	1
hvilket	1
spansk	1
dnno	-1
voldsom	0
knuste	0
nrk	-1
opplyst	-1
verk	0
måtte	0
sikre	0
enkelt	1
regnes	0
regnet	0
regner	0
ofrene	-1
tenke	0
sverre	0
general	0
valgt	0
gerrard	1
spurt	1
egil	1
tillatt	0
reaksjon	0
bygninger	-1
milliard	-1
aftenposten	-1
direkte	-1
legge	0
industri	-1
eks	1
ishockey	0
info	0
mill	-1
babybildene	-1
klokka	-1
rolle	0
likte	1
bygningen	-1
kommentere	-1
tribunen	1
eli	1
sporten	-1
faren	-1
noe	-1
føreren	-1
kommentert	-1
nok	1
krone	-1
nøyaktig	0
everton	0
problemet	-1
problemer	-1
solid	1
nor	0
slapp	1
merkelig	1
nov	-1
utvist	0
skadde	-1
kypros	0
mann	-1
aldri	0
reaksjoner	-1
halvår	0
hittil	0
bystyret	-1
folket	0
legen	-1
forfatter	1
leger	-1
turneringen	1
universitetssykehus	-1
nettmøter	-1
arafat	-1
mistenkt	-1
kundeservice	0
inge	0
kristin	0
skaden	0
egen	0
skader	-1
krisen	-1
pressekonferansen	1
skadet	-1
aksje	0
fotballforbundet	0
keeper	1
skje	-1
midnatt	-1
eget	0
ranet	-1
bedrift	1
venn	-1
grepet	0
sharon	0
fotballforbund	0
bagdad	-1
annen	0
vekt	1
offshore	0
konklusjon	1
skip	-1
egg	1
moderne	1
partier	-1
detaljer	1
nødvendigvis	0
vekk	0
arbeidsplasser	-1
partiet	-1
aamodt	1
meningsmåling	-1
bildeseriene	1
maritime	1
annet	0
fotballen	1
venner	1
vondt	0
opprettet	-1
mark	1
asylsøkere	-1
terrorister	-1
mari	1
behandlingen	-1
forhandlingene	0
mars	-1
hyggelig	1
velg	1
dekning	-1
verktøy	0
rolig	1
beboerne	0
fungerende	0
pettersen	1
vurderes	-1
høring	0
alderen	0
vurderer	-1
lykke	1
restaurant	1
fløy	-1
mobbing	-1
unødvendig	0
eksploderte	-1
lærerne	-1
semifinalen	1
vinden	0
vakkert	1
premiere	1
tyrkiske	-1
flertallet	-1
skryter	1
æren	1
forventninger	1
spesielle	1
gaten	0
prøve	1
prøvd	1
solgt	0
innbrudd	0
egypt	0
tider	1
blod	-1
solheim	0
tiden	1
fastslår	0
stjernen	1
sannheten	-1
medisinsk	-1
åringen	0
stjerner	1
kristne	-1
total	-1
torstein	0
fisk	1
ferdig	1
selskapene	-1
frem	0
demokratisk	0
snitt	1
indre	0
fred	1
ødelagt	-1
avlyst	-1
amerikanske	-1
comeback	1
kronikk	-1
johansen	1
hollywood	0
snart	0
arrestert	-1
tønsberg	-1
gis	-1
gir	1
produsent	1
sikker	1
tredjeplass	1
normalt	0
øyslebø	0
godset	-1
produseres	0
wbr	-1
flyet	-1
sanger	1
oppgaven	1
oppgaver	0
stige	-1
synd	1
kritikken	-1
positivt	1
midt	1
barnet	0
sand	1
sang	1
syns	1
bærum	-1
web	-1
skyter	1
kanalen	1
bård	1
systemet	-1
sank	-1
sant	1
serie	1
kanaler	0
åringer	0
vinner	1
johnson	1
skutt	-1
promille	-1
farsund	-1
syke	-1
opplysninger	-1
deilig	1
medlem	-1
simen	1
råvarer	0
enorme	-1
mike	0
stortingets	-1
dreier	-1
who	0
pause	1
innebærer	-1
lederne	-1
vannet	-1
bredt	1
underskudd	-1
tangvall	0
feiret	1
feirer	1
velgere	-1
forklarer	0
påsken	0
samt	1
enormt	1
frie	0
brede	1
aksjonen	-1
kundene	-1
salg	-1
oppførsel	-1
stakk	0
hjemmebane	1
fyller	1
stolte	1
filmanmeldelser	-1
aker	0
etterforsker	-1
område	0
utfordrer	1
betyr	0
åstedet	-1
foreløpige	-1
hverandre	0
odd	1
evne	0
salt	1
kinesiske	-1
stockholm	0
irakiske	-1
løslatt	-1
former	0
redigere	-1
barnas	0
typen	0
leverer	0
england	1
greier	1
style	0
formen	1
sider	0
bygger	-1
typer	0
bygges	0
leveres	-1
utdanning	-1
bygget	0
nede	1
flyene	-1
våren	1
nyhetsbrev	0
billig	1
lørdag	0
medarbeidere	0
libya	0
mente	0
stilt	0
rederiet	0
papirutgaven	-1
stand	0
regjeringens	-1
greide	0
ragnhild	1
ekspert	0
tanken	1
taliban	-1
markedet	-1
akkurat	1
tanker	1
styrket	0
thailand	-1
førde	0
reisetips	1
stian	1
tungt	0
forsøkt	-1
lagene	1
halvparten	-1
pasientene	-1
utarbeidet	0
tunge	0
personene	-1
tiltalt	-1
ekteparet	0
ring	1
mørke	1
opplevd	0
opdal	1
vladimir	0
oppleve	1
flotte	1
banen	1
gunnar	1
homofile	-1
museum	0
hverdag	1
dømme	0
kunst	0
vedtaket	-1
islam	-1
utløste	-1
styrker	-1
erstatte	0
skjønte	0
storslett	-1
posten	0
styrken	1
bekymret	-1
natten	0
nasjonale	-1
talent	1
handel	0
døra	0
prøv	0
drammen	0
vestfold	-1
fylke	0
jackson	-1
kulturhus	-1
måter	1
tiltale	-1
besøkende	1
dollar	-1
måten	0
slippe	0
kjæresten	1
sjøen	0
uttalelser	-1
korte	1
kjempe	1
rekorden	0
interessen	1
spanske	1
representerer	0
interesser	-1
undersøkelse	-1
forbeholder	0
hytte	1
sigurdsson	1
håvard	1
hytta	1
grunnlaget	0
masse	1
konstaterer	0
finanskrisen	-1
hangeland	1
rød	1
fylle	1
uttalelse	-1
nasjonalt	0
søndagens	1
mesterskap	1
etterkant	-1
syntes	1
molde	1
cirka	0
yngre	1
rødt	1
praksis	-1
synlig	0
kjersti	1
omkom	-1
lederen	-1
røde	0
kampstart	-1
hagen	0
tokyo	-1
steget	1
idol	1
portugal	1
jarle	0
tåle	-1
flink	1
hammerfest	0
tilsier	-1
konsert	1
produsere	0
russlands	0
frps	-1
nummer	1
betinget	0
liker	0
satt	0
produsert	1
presenterte	1
bør	0
toppserien	0
brudd	-1
lagets	1
armstrong	1
evakuert	-1
clinton	-1
imot	0
bilder	-1
ungdommer	-1
bildet	0
lettere	0
rise	1
velgerne	-1
øynene	1
inngår	1
muslimer	-1
driver	0
dialog	1
vinne	1
heidi	1
savnede	-1
ulykke	-1
roald	1
standard	1
solveig	1
tsjekkia	-1
arne	1
tåler	0
arna	0
hoven	0
israels	-1
prins	1
avslører	0
målet	1
erkjenner	-1
foreldrene	-1
rita	0
seinere	0
dobbelt	-1
handle	0
tipping	1
mattilsynet	-1
aktivt	0
lure	0
byene	0
familien	0
lovende	1
framover	1
slipper	1
kutter	0
ekstreme	0
byens	1
kuttet	-1
hjertet	1
aktive	-1
registrert	-1
johansson	1
fyr	0
drøye	1
timers	0
endt	1
sveriges	0
organisasjoner	-1
sentralt	1
ekstremt	0
sikkerhet	-1
organisasjonen	-1
sentrale	-1
haga	0
rimelig	1
centimeter	1
ende	0
london	0
ganske	1
leverte	1
statsminister	-1
yngve	0
forståelse	-1
enda	0
statoil	-1
kjevik	0
frå	1
fvn	0
eksempler	-1
pleier	1
startside	0
digital	0
midtstopper	1
drøyt	1
motor	-1
festival	1
svalbard	-1
palestinsk	1
klubben	1
bærer	0
noensinne	1
klubber	1
tingretten	0
news	-1
beslaglagt	-1
triksevideo	0
mangel	-1
bidratt	0
steffen	1
kvinnens	-1
næring	-1
skyld	-1
offentlige	-1
rakk	1
mulig	0
følger	0
krysset	1
offisielt	0
kvinnene	-1
kontakt	-1
dømt	-1
taket	0
scorer	1
aller	1
løfter	0
kongsvinger	1
kodeord	-1
scoret	1
bransje	1
kontroll	-1
politidistrikt	-1
faller	-1
påtalemyndigheten	-1
løftet	1
flyktet	-1
etiske	0
arrangert	1
spørsmål	0
size	0
tallene	-1
såkalt	-1
høgmo	1
varslet	-1
varsler	-1
minne	1
samfunnet	-1
inneholdt	0
gjennomføres	0
perfekt	1
oppsiktsvekkende	-1
endringer	-1
farlige	1
formue	0
tabeller	-1
nett	0
fifa	0
fre	0
kandidater	1
tabellen	1
fri	1
dumt	1
løsninger	-1
demonstranter	-1
opplyser	-1
beskyttelse	0
fjernet	-1
motta	0
deltar	0
hvorvidt	-1
arve	0
brukt	-1
ellers	1
fører	-1
ryan	1
løsningen	0
sydney	0
nestleder	-1
friidrett	0
nsson	0
stanset	-1
nest	0
jenter	-1
verdenskrig	0
lufthavn	-1
veiene	-1
astrid	1
ove	0
endelig	1
kommet	0
lurt	1
marte	0
utvalg	1
kommer	0
bundesliga	1
frp	-1
ekspertene	0
dyrere	0
populære	0
rike	0
html	0
supporterne	1
via	1
byremo	0
tjeneste	0
diskuter	0
evje	0
kortet	0
fikk	1
nederlag	-1
vindu	0
punkter	0
krasjet	-1
mener	-1
seksuelle	-1
norges	0
kvinner	-1
vik	0
publisert	-1
trodde	1
vin	1
eliteserien	1
seirer	1
velge	1
råd	-1
tillatelse	-1
tilstrekkelig	-1
journalist	0
kvinnen	-1
førte	-1
vif	0
plassene	1
glad	1
glemme	1
suksess	1
jobben	1
tydeligvis	1
kraftige	-1
vis	1
jobber	0
styre	-1
jobbet	1
museet	1
kronprins	1
færre	-1
skaalmo	-1
inntektene	0
takke	1
villig	0
cuba	0
enkle	1
innsatsen	1
selskapets	-1
høybråten	0
ord	0
enig	0
innom	1
aktor	-1
pressen	0
fvntv	1
norway	1
haugland	0
braathens	-1
stoler	-1
ansikt	0
presset	0
jevnt	1
stående	0
videre	1
politiadvokat	0
brent	0
døgnet	-1
india	-1
motsetning	0
boligmarkedet	0
iveland	0
skyte	1
beløpet	0
fns	-1
kaste	0
united	1
haakon	1
gifte	0
avgjørende	0
dessverre	1
skille	-1
article	0
carew	1
heldig	1
fall	0
snakk	0
kapital	0
intervjuet	0
eksisterende	0
intervjuer	0
samboer	0
skeptisk	-1
nyttig	1
falt	-1
ola	0
old	1
klær	1
rekdal	1
sjef	0
stortinget	-1
elsker	1
valencia	0
sommer	1
ole	1
utbygging	0
audition	-1
aftenbladet	-1
lund	0
grand	1
meget	1
positive	1
aktiv	1
korea	0
profil	0
enkel	1
midten	1
sørget	1
omsetningen	0
finn	-1
såret	-1
trykk	0
global	0
fint	1
gjedrem	-1
lettet	0
flo	1
makten	-1
tung	0
sørger	1
sparebank	0
døde	-1
fly	-1
program	1
avslørte	-1
okt	-1
west	0
oksøy	0
roser	1
stoffet	1
telefax	0
fans	1
henger	0
utelukker	0
fant	0
lista	0
fin	1
beklager	-1
liste	1
nådd	-1
oppdaget	-1
båt	-1
larsen	1
toska	-1
von	0
palestinere	0
ljosland	0
york	-1
døgn	-1
fine	1
widget	0
takle	0
umulig	0
sarpsborg	1
film	1
brutt	-1
sandberg	-1
minutt	1
silje	1
nasjonal	-1
henriksen	1
katastrofe	-1
australske	0
inkludert	0
familier	-1
bekrefte	0
åring	-1
tillit	-1
utfor	0
industrien	0
sesonger	1
sørge	0
sesongen	1
onsdagens	1
flaks	1
trente	1
utsatt	-1
wien	0
styrke	0
informert	0
påpeker	-1
svensken	1
linda	1
kontrollen	-1
håndball	-1
vgs	0
beste	1
time	0
barn	-1
lufta	0
periode	0
sjanse	1
mulighetene	1
nordland	-1
løfte	0
video	-1
komme	0
spennende	1
menneskene	0
annonsering	-1
frihet	-1
bortsett	1
fjerne	0
gjerningsmannen	-1
utforkjøring	-1
vender	1
svolvær	1
viten	-1
tine	0
ting	0
felles	0
politistasjon	-1
alex	1
måneders	-1
artig	1
gunnerus	1
politiets	-1
trodd	1
synger	1
prinsesse	1
hanssen	-1
maten	1
musikkanmeldelser	-1
vet	0
sosiale	0
feltet	1
forlag	0
skattelisten	1
scenen	1
produksjon	0
står	0
nettprat	-1
setter	1
klepp	0
behandling	-1
vidar	1
utvikle	0
gøy	1
førerkort	0
kongressen	0
maskin	1
sporet	0
vei	0
vel	1
palestinerne	-1
hove	0
bussen	-1
spillerne	1
riise	1
hægeland	0
utstyret	0
stedet	-1
steder	0
komit	1
sparket	-1
målene	1
angrepene	0
sparken	-1
bane	1
aftonbladet	-1
gjennomførte	0
forhandle	0
band	1
lokaler	0
pinlig	-1
kritiske	-1
fatt	0
bank	-1
firma	0
månedene	-1
benytte	1
fotoalbum	0
kapteinen	-1
settes	-1
fordel	1
antall	-1
dag	0
rally	0
flyktninger	-1
forbudt	-1
lesernes	-1
hentet	1
definitivt	1
øyeblikket	1
dan	0
henter	1
mengder	-1
jorden	0
skuffet	0
fast	0
gård	1
cultiva	-1
møttes	1
albumet	1
van	1
tjenester	-1
hopp	1
bill	-1
tjenesten	-1
kari	1
talt	0
fare	-1
innledet	0
undertegnes	-1
sesong	1
foreløpig	-1
avviser	-1
ventet	-1
lag	1
kart	-1
venter	0
uenig	-1
ventes	-1
tale	0
kontor	-1
tvnorge	1
karl	1
fart	1
lar	0
kristoffersen	0
orkla	0
tall	-1
tilfeldig	1
lav	-1
april	-1
årlige	0
hjemmeside	1
avstand	0
kontrollere	-1
vokser	0
rådet	0
nylig	0
photo	0
åge	1
varmt	1
voksen	1
ansvarlig	0
klassiske	1
kronprinsen	1
folks	-1
rommet	1
kollisjon	-1
gått	-1
styreformann	0
veltet	-1
rødgrønne	0
ressurser	-1
takk	1
blodig	0
aust	0
cup	1
lider	-1
bedriftene	-1
varme	1
temaet	0
artikkel	-1
kvinnelige	0
føles	1
åpenbart	-1
greie	1
tweet	0
føler	0
risiko	-1
frivillig	0
sviktet	-1
bytte	0
jordan	-1
følge	-1
hold	0
barnehage	-1
holde	0
vitne	-1
styrte	1
kirkens	-1
prisene	0
munnen	1
frist	0
øvrige	0
forteller	0
midlertidig	-1
historie	1
http	0
fredag	0
jesus	1
arkivfoto	0
forkant	0
holdt	0
frisk	1
raketter	-1
generasjon	0
gasellene	0
unna	1
tape	0
svein	1
visepresident	0
uregistrert	0
mannskap	0
fritt	-1
årsberetning	-1
minner	1
quiz	1
holm	1
tapt	-1
senterpartiet	0
flyttet	0
flytter	0
kvinlog	0
linje	0
trussel	-1
serbiske	0
xbox	1
teknisk	-1
lyder	0
kontoret	1
vegusdal	0
østfold	1
petter	1
fjerde	0
psykisk	-1
valuta	-1
avisenes	1
kunnskap	-1
kjente	1
politimann	-1
sykehuset	-1
sykkel	1
talsmann	-1
gruppene	0
helgen	1
spilleren	1
arkiv	-1
undersøke	-1
firmapost	0
informasjonssjef	-1
befolkningen	-1
herefoss	0
muligheten	1
tapte	-1
skriver	-1
antallet	-1
staten	-1
forlot	0
twitter	1
hoff	1
trafikk	0
idrett	1
kommentar	-1
hjemmet	-1
henholdsvis	0
miller	1
års	-1
minus	1
etterforskning	-1
anledning	1
sinnes	0
henning	1
stavanger	-1
volden	-1
escenic	0
åra	0
ukjent	0
politikerne	-1
undersøkt	-1
kjøring	1
livet	-1
muligheter	1
antatt	-1
akershus	-1
forskjell	0
fjellet	0
krav	-1
hensyn	-1
dyreste	-1
informasjonen	-1
tatt	0
matre	1
hendelser	-1
skipet	-1
nedgang	-1
kritisk	-1
hendelsen	-1
oppdrag	-1
eksplosjon	-1
medisin	0
skiftet	1
året	0
utlandet	-1
tiltakene	0
italiensk	1
julaften	1
tilbudt	0
alta	0
resultatet	0
minst	0
arabiske	0
varer	0
resultater	0
greit	1
plakatens	0
voksne	-1
bandet	1
glimrende	1
kvinnelig	0
dramatikk	-1
tips	-1
tidspunktet	0
heldigvis	1
økte	-1
navnet	1
kjenne	1
overbevist	1
handlinger	-1
hund	0
forsøkte	-1
treningen	1
bomben	-1
ivar	0
bomber	-1
aktuell	1
trolig	-1
kommunens	-1
feeder	1
oppgave	0
portefølje	-1
avviste	-1
aktuelt	0
riktige	1
hunden	0
alvor	1
kommunene	-1
models	0
kundesenter	-1
hunder	-1
utsikt	1
los	0
professor	-1
modell	1
lot	1
lov	-1
telemark	-1
hotellet	1
tross	0
unge	0
måttet	-1
datteren	0
studenter	-1
jørn	0
mindre	-1
jagland	0
usa	-1
måneden	0
skolen	-1
forsikrer	1
oslo	0
stykker	1
kunnet	-1
verdens	0
baby	0
ekteskap	0
avgjort	1
holder	1
holdes	-1
fryktelig	-1
konklusjonen	-1
uavhengig	-1
back	1
alexander	1
ute	0
rosenborg	1
situasjon	-1
nekter	-1
stabil	-1
cnn	-1
nektet	-1
brødrene	0
johannessen	-1
skoler	-1
måneder	-1
smak	1
jensen	0
planene	0
laveste	-1
regionen	0
ettertid	0
com	0
skudd	1
oppfatter	-1
kabul	0
kjendiser	0
smil	1
bedriften	-1
korrekt	1
sports	1
hente	0
treffe	1
oppfattet	-1
bryter	-1
landslagssjef	1
resultat	0
troms	1
robin	1
bedrifter	-1
innsats	1
presentert	1
ntnu	0
foreslått	-1
lsk	1
forhold	-1
select	-1
karin	1
oppfordrer	-1
sykehusene	-1
innflytelse	-1
eiere	0
oppfordret	0
ålesund	1
bøker	1
forklarte	-1
flertall	-1
fredrikstad	1
uro	-1
prisen	1
sammenlignet	0
amerikanerne	-1
gjør	0
trond	1
priser	1
sukker	1
christer	1
dramatisk	-1
plutselig	1
presseskikk	1
russisk	-1
løpet	0
løper	1
scanpix	1
hull	0
tilhengere	0
holmer	0
henry	1
kraft	0
verden	-1
øverst	1
kutte	-1
utenriksdepartementet	0
utland	-1
dagen	0
sportsdirektør	1
klaget	-1
blair	-1
klager	-1
dager	0
lunde	1
juryen	0
bodde	0
ambisjoner	1
uansett	1
berntsen	1
skaffet	1
kritikk	-1
ender	0
person	-1
voldtatt	0
igjen	0
selve	1
karriere	0
klokken	-1
skolene	-1
tilknytning	1
kjæreste	1
svakere	-1
fjor	1
einar	0
stopper	0
million	-1
årst	1
soldater	-1
stoppet	0
tunnelen	-1
fått	0
trafikken	0
warrants	0
skuespilleren	0
budskap	0
ung	1
demokratiske	0
imponerte	1
krise	-1
trenden	0
mohammed	0
godt	1
avhengig	0
sveits	0
kaos	-1
funnet	-1
bære	-1
halvorsen	0
hjelpe	0
uke	-1
gode	1
uka	1
tide	0
delstaten	-1
utenlandsk	-1
beredskap	-1
fortsatt	1
fieldset	-1
tida	1
etterbørs	0
ball	1
semb	1
vanlig	1
post	-1
anthony	0
nettstedet	0
les	-1
nettsteder	0
ler	1
grimstad	0
fremme	0
blant	0
innbyggerne	-1
fortsetter	0
viktig	1
lei	0
aksjene	0
motstander	1
ulf	1
aviser	0
lee	1
northug	0
avisen	-1
radio	1
vennesla	-1
selvfølgelig	1
ullevaal	1
skjult	-1
utestengt	1
kamp	1
takker	1
innrømme	1
send	-1
takket	1
anklaget	-1
anklager	-1
troen	1
sent	0
vikings	1
optimistisk	1
følelse	0
fotballmagasinet	0
bortelid	0
konserten	1
status	0
usikkerhet	-1
utslippene	0
kalt	0
konserter	1
junior	1
redaksjon	-1
powered	1
ulovlig	-1
fremst	1
svenske	-1
vurdert	-1
protest	-1
opplevde	0
microsoft	-1
perioder	0
forsøker	-1
perioden	0
vegne	0
vurdere	-1
temperaturen	1
bardufoss	-1
onsdag	-1
saddam	-1
regler	-1
nchen	0
håp	0
bevisst	0
leiligheter	0
kommuner	-1
hundrevis	-1
leiligheten	0
startet	0
kommunen	-1
klient	-1
regimet	0
liv	0
starten	1
nedgangen	-1
anslår	-1
starter	1
fortsette	1
lik	-1
spiser	1
opplever	-1
lie	1
globale	-1
ungarn	0
bror	0
ryktene	0
tidlig	1
tror	0
indonesia	-1
avgjøre	0
udi	-1
møller	1
usaklig	-1
lesere	1
passasjerene	-1
endre	-1
atle	0
irans	-1
øker	-1
header	1
etterpå	1
straffskyld	-1
hospital	-1
konsekvensene	-1
berre	1
brasil	0
kevin	1
gunn	1
chelsea	1
mai	-1
danne	0
fiske	0
dødsfall	-1
write	0
nemlig	1
mar	-1
statsråd	-1
reduserte	1
starte	1
may	0
pengene	-1
avgang	0
midtbanen	1
mat	1
eksterne	1
hovedsiden	0
mercedes	1
starts	1
bedre	1
årsak	-1
scoringen	1
intervju	-1
scoringer	1
vinneren	1
konkurrentene	1
begynt	1
tidspunkt	0
studio	1
valgkampen	-1
gutt	0
ordføreren	0
ødelegge	-1
pressemelding	-1
juventus	1
tjent	0
tottenham	1
særlig	0
ytre	0
relaterte	0
åpning	1
konsmo	0
eieren	-1
spiss	1
slåss	-1
kjærlighet	1
tjene	1
lyset	0
ramme	0
gjeld	-1
tilbud	0
oppmerksomhet	0
utgangspunktet	0
daae	0
geir	0
interessant	1
oslos	1
striden	-1
representert	1
innbyggere	-1
australia	0
slått	0
marcus	1
motsatte	-1
bruk	-1
island	0
vente	0
endte	0
endelige	-1
borgersen	0
mer	0
vedtatt	-1
harde	0
skjedde	-1
internasjonalt	1
reidar	0
arbeide	0
olav	0
festivaler	-1
selskapet	-1
arendal	-1
tegneserier	-1
hardt	1
festivalen	1
moland	0
slutte	-1
møtes	1
møter	1
aksel	1
danse	1
olaf	1
årlig	0
selskaper	-1
forbudet	0
eggen	1
dansk	0
møtet	1
resten	1
daniel	1
børs	-1
street	0
dyp	0
faktum	0
ellen	0
dyr	1
hjelp	-1
fullt	1
uvanlig	0
villa	1
truffet	-1
artikler	0
vesten	0
avdeling	-1
thoresen	1
utenriks	-1
møtte	0
oppgang	-1
skikkelig	1
sommerens	1
investorer	0
forsvunnet	-1
foreldre	-1
hodet	0
internasjonale	-1
såpass	1
fornuftig	1
respekt	1
spille	1
ifra	0
opplæring	0
fansen	1
serier	-1
sandnes	0
elever	-1
mottar	0
bøkene	1
serien	1
nyhetsoversikten	1
virksomheten	-1
vilje	-1
håpe	1
nordlie	0
høres	1
hører	1
kvalifiseringen	1
bryr	1
selge	0
null	-1
britisk	-1
endret	1
opprørerne	-1
lyd	1
endrer	0
dvd	1
fulle	0
hemmelige	0
true	0
stilling	-1
dersom	-1
lars	0
mandagens	0
innstilt	0
streik	-1
spise	1
strålende	1
provinsen	0
gjeng	1
espen	1
fordelt	1
beina	1
last	0
poeng	1
terror	-1
oktober	-1
gult	1
pårørende	-1
manglende	-1
samles	1
nivået	1
ganger	0
samler	0
peker	-1
strøm	1
samlet	-1
strøk	1
gull	1
simonsen	-1
suksessen	0
gule	0
overleve	0
konkurs	-1
lyn	1
lys	0
live	0
regelverket	-1
latt	0
prosentpoeng	1
peter	1
stengt	-1
mosby	0
spill	1
tur	1
daglig	0
ære	1
gerd	0
statlige	-1
blackburn	0
spilt	1
tettey	1
debatt	-1
sikkerheten	-1
litteratur	0
stenge	0
flyplassen	-1
tilskuerrekord	0
ansvaret	-1
stemningen	1
miljøet	0
virker	1
virket	1
jack	1
forsvarsminister	0
arabia	0
tilbyr	1
bernt	0
litt	1
burma	-1
tilsvarende	-1
epost	-1
generalsekretær	-1
japan	-1
år	0
lite	0
husk	1
gårsdagens	1
javascript	0
milliarder	-1
lavt	1
ideen	1
virkning	-1
terningkast	-1
section	0
lave	0
spesiell	1
fulgt	0
navarsete	1
samlede	0
solbakken	1
høy	0
lise	1
olje	-1
spesielt	1
hotel	1
hør	1
eierne	-1
obligasjoner	0
bergens	-1
slag	1
gutten	-1
dom	-1
anmelder	1
spilte	1
andresen	1
andreassen	0
lagt	0
gutter	0
trent	1
bestemme	0
pakistan	-1
dpa	-1
låtene	1
direktør	-1
humor	1
utover	1
områdene	-1
option	-1
trene	1
ligger	1
ligget	0
oppgitt	-1
moe	1
representanter	-1
williams	1
arbeider	1
arbeidet	-1
content	-1
salget	0
tro	0
mor	0
rettferdig	0
kirke	0
nyheter	-1
rasmussen	0
nyheten	1
foruten	1
begrense	-1
trygve	1
frank	1
institutt	-1
søknaden	0
data	-1
høre	1
israelsk	-1
farvel	0
vakthavende	0
åpner	1
sivertsen	0
dna	0
åpnes	0
åpnet	1
sportslige	1
hørt	1
dnb	-1
dato	0
foregår	0
adgang	0
historien	0
uenige	0
kampene	1
synes	1
synet	-1
halsen	0
russiske	-1
historier	1
høst	1
kampens	1
berlin	0
avslutte	1
kenneth	0
harry	-1
natur	0
beregnet	-1
student	0
asbjørn	1
berit	1
flott	1
sæther	1
forandret	1
ranerne	-1
finnes	0
krig	-1
finner	1
beslutning	0
nyhetsbyrå	0
width	0
vanskeligere	-1
agder	-1
regnskap	-1
trener	1
bloggen	-1
overgrep	-1
synge	1
etterforskningen	-1
alene	1
drømmen	1
aksjekurser	0
utgiver	0
reduseres	-1
drømmer	1
kjell	0
strengt	0
hørte	0
adresseavisen	0
laks	0
manglet	1
kontaktet	-1
mangler	1
bronse	1
steinar	1
grenland	0
nytte	1
berge	0
bestemte	0
teksten	1
tog	-1
dramatiske	-1
land	-1
realtidskurser	0
befolkning	0
konkurranser	1
utfallet	1
lang	1
alvorlig	-1
aalesund	1
overført	0
konkurransen	1
pent	1
vesentlig	-1
sandvik	0
avgifter	0
tom	1
dra	1
tok	1
gjester	1
kilometer	0
sokkel	1
tor	1
deriblant	0
bred	1
dro	1
arrangementet	1
lille	1
dans	1
runde	1
trengs	1
inter	0
stasjonen	0
demokrati	0
intet	0
kåfjord	0
sjefredaktør	-1
sler	0
trekk	1
rundt	0
slet	1
buskerud	0
pål	1
godta	0
forstå	0
omkomne	-1
varetektsfengslet	0
sandefjord	1
tøff	1
tempo	1
barack	0
sannsynligvis	0
preget	0
fokus	1
tøft	1
center	1
anledningen	1
anledninger	1
behold	1
brev	-1
kriminelle	-1
skjervøy	-1
vinduet	0
privatøkonomi	0
støtte	-1
hedmark	0
dame	1
varmen	1
usikker	1
natos	0
andersen	1
dårligere	-1
tirsdagens	0
david	1
middlesbrough	-1
annerledes	1
ledige	1
finansminister	0
smell	0
des	1
kino	0
opposisjonen	0
positiv	1
kina	-1
mister	-1
munch	0
king	1
mistet	-1
otto	0
private	-1
solberg	0
strenge	0
bjørn	1
tilgjengelig	1
del	0
vestlige	-1
kjent	0
mil	0
hæstad	-1
advarer	-1
telefonen	1
hvit	1
nordlys	-1
brenne	0
forhånd	0
plater	1
medlemmene	-1
forbud	-1
rapporten	-1
etasje	0
soldatene	-1
mistanke	-1
tlf	1
rapporter	0
digitale	1
engasjert	1
samarbeid	0
næringslivet	-1
hødd	0
historisk	0
jubel	0
effektivt	1
kenya	-1
hjemme	1
marianne	1
oppgjøret	1
statsadvokat	-1
martin	1
korrupsjon	-1
prøvde	0
effektive	0
marked	0
franske	0
øystein	1
høsten	1
nigeria	1
øl	1
ordentlig	1
landskamper	1
kilo	0
følte	1
prøver	0
svendsen	1
dahl	1
kommende	1
gutta	1
utøvere	1
forlatt	-1
aksjespillet	0
div	0
hvite	1
expr	-1
ordet	-1
stykke	1
innlagt	-1
orden	0
bygging	1
forlate	0
dir	-1
langsiktig	0
ettersom	0
die	-1
fengselet	-1
henrik	1
mathisen	1
fortjener	1
restauranter	1
hvitt	1
dårlig	-1
penger	-1
mms	0
the	0
heve	0
politiloggen	-1
aktører	0
selvtillit	1
palestinske	0
militære	0
sette	0
drapet	-1
