helge	0.48423
finans	-0.19860
strengere	-0.45664
helga	0.49040
straffespark	-0.08911
beløp	0.80381
champions	0.40072
søker	0.12135
skjul	0.86193
krangel	-0.35343
florida	-0.66644
eldste	0.09845
tilstanden	-1.33537
tyder	0.40072
verdt	0.78145
arthur	-0.30420
topps	0.33683
kroner	0.45303
materiale	-0.41889
fraktet	-0.52658
kjøtt	3.13170
gjelder	-0.17463
vanligvis	-0.20515
overtok	0.00060
opprettholde	0.21193
torsdagens	0.40675
annonseselger	0.00000
unntak	0.61550
raste	-1.13184
john	2.10580
produkter	0.87355
mennesker	-1.32413
klima	1.83346
grei	3.65767
kristoffer	0.01835
finale	0.14308
timen	-0.30929
grep	0.97599
times	-0.25721
timer	-0.75550
manga	-0.68283
bekymring	-0.53255
keeperen	1.50606
skjermen	1.01410
arbeidskraft	0.37752
stengte	-0.93796
tone	0.71052
avsluttet	0.17000
januar	0.02592
avsluttes	0.08482
avslutter	0.77373
redaksjonen	-1.10684
vraket	-0.72170
tonn	-0.73084
smiler	5.53666
tomt	0.18020
sjekk	0.68861
red	3.44228
legene	-1.58945
smått	0.33924
kandidat	0.63490
ren	4.73405
misfornøyd	-2.63517
parter	0.48571
allierte	0.00000
debut	0.87935
papir	1.00259
kampanje	-0.22611
naturlig	1.90796
etterspørselen	0.22522
klikk	-0.70903
advarsel	-0.37466
havnet	-1.57838
hordaland	-0.62315
stadion	1.35686
ingenting	-0.75600
ambassaden	-0.89067
observert	-0.43875
damer	0.16262
økende	0.42174
derpå	-2.95847
samtale	0.61919
tony	-0.33861
jan	0.88409
runar	0.55148
sikkert	3.51647
forhandlinger	-0.09240
konflikter	-0.23144
kjøpt	0.04623
opplysningene	0.11460
morgen	-0.58522
oppstår	-0.53065
planlegger	-1.28076
konflikten	-0.84612
utstyrt	-0.30962
topp	1.77231
femte	0.19606
sparta	0.07980
morges	-0.28867
medalje	0.61884
pappa	0.27158
høyst	0.10693
beskytte	-0.64476
personbil	0.00000
truer	-1.04647
vadsø	0.00000
versjon	0.39816
truet	-1.39792
bakgrunnen	0.17992
halvannet	0.26901
forsinket	-1.03686
innenfor	2.12386
kjøpe	1.84585
tjente	0.12009
halvannen	-0.05122
rammet	-1.57016
rammes	-0.28606
dagfinn	0.18141
medier	1.23593
rammer	-0.35557
kommune	-0.14147
havner	-0.44187
psykiske	-0.99338
minuttene	0.13556
virke	0.72040
vegard	0.34862
span	0.00000
stemmene	-0.61665
forklare	-1.23122
veier	-0.15128
grad	0.09142
problemene	-1.75197
veien	0.47001
karasjok	0.00000
nybygg	0.00000
moren	-1.85528
helgens	-0.05536
nordsjøen	-0.23109
rbk	-3.25114
forklart	-0.74314
gran	-0.19735
hege	0.05596
utgave	-0.08570
erlend	0.22328
gram	0.48062
chris	0.05185
underveis	0.92655
bjarte	0.41830
trygghet	1.18538
bakken	-0.10705
fortelle	-0.37510
kjørt	-1.18525
hytter	0.08455
steinkjer	-0.63976
overtid	0.96758
andres	0.13594
avhørt	0.00000
helle	0.05866
oppslutning	-0.73631
meteren	0.49534
eksisterer	0.00000
europas	0.02553
dine	0.60542
innslag	5.72054
ran	-1.24295
navigator	0.00000
kjøre	0.45425
tore	1.04467
royal	-1.98838
tillegg	1.52191
økonomien	-1.41437
ukraina	-0.44464
brown	1.30043
lillehammer	0.02684
rad	0.14342
daglige	0.06479
fredrik	0.88441
vanskelig	0.16859
vann	0.30463
rock	0.19370
bykle	0.00000
jobb	1.86716
internett	0.46183
viktigere	1.32152
vant	2.49869
størst	0.40548
glade	0.76483
hverdagen	-0.18849
helt	3.02065
hjørnet	0.90436
bordet	0.97919
menn	-2.47005
vegårshei	0.00000
ros	1.38766
større	-0.07918
arttittel	-0.66375
rom	3.40706
ment	0.66280
presidentvalget	0.00000
roy	0.42500
tilskuere	0.29857
rente	-0.39835
påstandene	0.00000
gjengen	0.38200
scene	0.95614
angivelig	-0.88299
sørlige	0.00000
dyrt	-0.03236
masterstudier	0.00000
raskt	0.19220
roar	3.13528
bekjempe	-0.49683
flyr	-0.14825
nærmest	0.58567
forskning	1.50911
framtiden	-0.06563
joe	0.13142
løft	0.74072
operasjonsleder	-0.46734
jon	0.52779
nettkamera	0.00000
jos	4.61431
senest	0.16541
analyse	0.09983
dyre	0.06639
vinguiden	0.00000
fremtiden	1.06452
riksvei	-1.26566
hele	1.41770
sosial	-0.18178
høyre	-0.27519
teste	0.55284
nødhjelp	0.00000
fange	-0.27798
hell	0.66766
overta	0.04608
helg	2.70497
vanvittig	0.72960
jentene	0.55531
nærmere	0.25802
informasjon	0.32157
rampelys	0.00000
dypt	-0.27934
helst	1.39655
senere	0.83436
kompetanse	1.46684
budsjettet	0.40836
mest	0.18631
får	1.81939
jim	0.29288
anita	0.12603
kjører	0.55317
helse	0.03443
komplett	-0.15133
overlevde	0.00000
overtar	-0.40208
valget	0.32935
politi	-1.38888
danielsen	0.24146
hareide	1.27972
merk	-1.44957
overskudd	0.12792
sentralbanken	0.00000
resultatene	2.01732
riktignok	1.06692
lovlig	-0.44378
ansvarlige	-1.63853
villige	0.03560
sentral	0.46293
helikopteret	-0.38455
mannlige	-0.32313
trygge	0.48538
indexof	0.00000
tilsvarer	-0.12488
nettradio	0.00000
raske	0.83957
emner	-0.47253
innenriks	2.28422
nær	0.07193
bosatt	-0.41460
utgifter	-0.29486
indeksen	0.00000
valg	0.45468
giftet	-0.44642
tanke	2.59553
indekser	0.00000
børsene	0.00000
super	0.79306
inntekter	0.97668
rio	0.15715
støttet	-0.23574
fotball	0.06706
alltid	4.49110
støtter	5.60121
lavere	-0.45777
budsjett	-0.18167
støtten	0.12891
straffe	-0.40422
sven	0.00871
afghanske	0.00000
medhold	0.00000
offer	-0.60545
uttaler	0.23532
isen	-0.20251
fremdeles	0.16596
rik	4.69943
biskop	2.66131
uttalt	-0.05861
håpet	0.03221
håper	3.20661
torsken	0.00000
nøye	1.02491
lyngdal	0.00000
gangen	1.92048
statistikken	-0.40256
vakt	-0.44320
flukt	0.00000
uttale	-0.01108
konferanse	0.00000
høvåg	0.00000
tittel	0.12166
stenger	-0.51562
konsekvenser	-0.14335
partene	0.48288
glimt	0.67717
firmabil	0.00000
forholdsvis	0.57575
arena	-1.13007
rekord	0.63652
publikum	2.26395
billetter	1.85471
følgende	0.71715
audun	0.29133
skjer	0.85472
tredje	0.12618
forsker	0.57925
narkotika	-1.00701
system	0.62560
fordeler	0.93522
sportssjef	0.97997
nederlandske	-0.12328
iraks	0.00000
tøffe	-0.79485
tittelen	0.15446
innholdet	0.59398
nedover	-0.24590
preg	3.35093
signe	0.10954
viruset	0.00000
fremstår	0.70086
ropte	-0.27614
toget	-0.68569
svar	0.40330
press	-0.06133
aktuelle	0.79544
kveld	0.66288
påvirket	-0.50385
charles	-0.40900
sorg	-0.24181
odds	0.35146
utført	-0.25377
perry	0.46029
huseklepp	4.45623
løpende	0.15093
påvirker	-0.75914
oppsummering	-1.07627
svak	-0.49213
gjennomsnittlig	0.16050
tilgang	0.36804
understreket	0.67951
obama	0.32060
understreker	0.24912
forvaring	0.02840
artister	0.09135
søkte	-0.17593
drevet	-0.24118
medium	0.00000
redaktør	2.39354
avklart	0.02008
jorda	0.06594
tekniske	0.21241
world	0.21933
vare	0.86140
realiteten	0.23007
befant	-0.59396
overhodet	-0.51571
sentralbord	-0.51369
samarbeide	-0.05646
smerter	-0.70662
elektronisk	-0.06490
carl	-0.15133
tyskerne	0.47257
skuespiller	0.19618
kolliderte	-0.98017
tilfellet	0.82605
rss	1.85891
københavn	0.37937
tilfeller	0.10182
kriminalitet	-0.32007
filmer	0.22710
prix	-0.13761
spare	1.03971
rønning	0.80039
vist	2.52555
minutter	3.99856
kjenner	2.64542
bjørgen	0.64221
norske	-0.46010
absolutt	3.12787
viss	1.24100
hjemlandet	-0.17332
aftenblad	-0.30354
dekke	-0.64046
religiøse	-0.60354
vise	2.05230
pris	6.05796
godkjente	0.00000
varm	4.18318
europeisk	0.04602
filmen	2.61898
forklaringen	-0.72445
sparer	0.29728
kvinesdal	0.00000
sone	-0.63574
qaida	0.00000
solide	1.24493
cato	0.50611
ringer	0.20053
arbeidsgiver	0.02880
ulovlige	-0.81406
sogndal	0.81359
ryggen	0.63729
imponerende	1.01627
spurte	-1.09577
bjørnebye	4.47060
første	2.87394
sony	0.56596
alarm	0.00000
artbyline	-0.79399
åpne	0.05755
vunnet	4.05518
skadd	-0.51878
krevende	1.09876
skade	-2.31396
inntrykk	0.75232
nilssen	0.99776
likhet	0.58200
utenom	0.17936
hendene	-0.05629
elevene	1.44554
karakter	4.02029
høyest	-0.46652
vitner	0.44711
kraftig	-1.34947
sak	-1.07725
giske	0.56568
erfaringer	0.01758
utvalget	0.74252
morgenen	-0.39680
betalt	-0.12211
eøs	0.00000
nødvendige	0.72211
skadene	-0.63586
drive	-0.09292
rapport	-1.62987
morgan	-0.20793
avslørt	-0.98984
sola	-1.19996
låne	0.23322
omgangen	0.38260
likt	-0.00921
grove	-0.63122
betale	-0.41786
portrett	0.00000
russerne	-0.25341
landets	0.59767
væpnet	0.00000
uttrykk	0.75771
statens	-0.30741
importørliste	0.00000
like	3.35974
grovt	-0.36694
poenget	-0.09528
san	0.22525
sas	-2.55834
høyere	0.17710
soma	-0.13465
børsen	1.97449
formelt	-0.48468
billett	-0.17070
midtbane	1.31893
origo	0.64650
linn	0.26094
kombinasjon	-0.23768
jord	1.04851
mandag	-1.69238
mennene	-0.66600
mandal	-0.14304
madrid	0.31247
link	0.00000
utnytte	0.37119
overraskende	3.79978
knyttet	1.21993
line	-0.22137
kamera	0.47740
tove	0.89879
hånd	0.42375
beholde	0.76336
stadig	-1.22956
unnskyldning	-1.29781
nødt	0.18796
opptatt	2.82160
balanse	4.45297
karrieren	0.64175
vedkommende	0.38566
veteranen	1.02835
jobbe	2.61779
armen	-0.17879
mourinho	3.40433
hindre	-0.10204
drar	0.85827
stoff	-1.42236
andel	-0.30856
sjette	0.34464
drap	-1.17868
valgte	0.65605
nærmer	0.42713
røkke	0.59973
offentliggjort	-0.69438
nasjonalforsamlingen	0.00000
mamma	0.27651
tilliten	0.43076
indiske	0.00000
dagsavisen	-0.73779
tour	2.50557
avslutning	5.74523
sogn	-0.31986
grensen	3.73001
omgang	5.08437
grenser	0.45556
etablerte	0.41630
tandberg	0.04050
viktigste	2.10094
bjarne	0.49067
dekker	0.27431
skaper	-0.64353
høydepunkter	-1.91466
slett	1.55246
sjekket	-0.57091
funn	-0.43124
støre	1.02151
kvartfinalen	0.77931
dekket	-0.45024
uttalte	0.28311
moskva	-0.67872
ferske	0.01335
oppnå	1.21727
jens	1.09351
identitet	1.19032
venstre	0.21959
jørgen	0.08271
fullført	0.00000
robert	0.89125
ledende	0.07985
omkommet	-1.22808
sykdom	-0.10429
jæren	-0.04241
liga	0.67291
celtic	0.22007
pasienter	0.12864
trenere	0.21503
oppdatert	-3.74071
innvandrere	-1.18585
pasienten	-2.81002
branns	0.11087
leserne	0.28508
motsatt	-0.01667
media	0.55647
største	0.21857
samle	0.11990
fjell	-0.43022
overganger	-0.81527
skottland	-0.15303
overgangen	0.68966
justisminister	-0.47788
dårligste	-0.75452
full	0.55199
lerkendal	-0.57445
parken	0.45510
glass	0.85698
oversikt	0.63055
august	0.23934
rtha	0.00000
beskjeden	0.08818
neste	1.40505
åpen	0.58985
arbeiderpartiets	-0.06882
sjansen	4.52695
landene	0.75088
glipp	-0.43086
opprinnelig	0.25299
sjanser	5.57505
hvorav	-0.24455
nådde	0.08585
drev	-0.18898
deltatt	-0.07808
siktelsen	0.00000
automatisk	0.62843
upassende	-0.17007
sperret	0.00000
sentrum	-0.53548
fysisk	0.84611
etternavn	-1.34786
group	-0.32508
firmaet	0.12740
paulsen	-0.30225
rykker	-0.50992
haukeland	-0.76402
kim	0.30789
rykket	-0.15139
svindal	-0.03986
libanon	0.00000
fest	-0.42762
fett	-0.70704
sjekke	1.15064
usikre	-0.66668
administrerende	3.16203
andr	0.54919
partner	0.27097
går	0.68424
asker	0.46189
black	-0.81573
sjokkert	-0.59673
vidt	0.84521
cupen	0.77484
landslag	0.35294
wigan	-0.11856
somalia	0.00000
solgte	0.25668
kripos	-1.10099
enkelte	-0.36677
lyon	0.19002
rykter	-0.09564
nødvendig	1.29794
regne	0.83847
årets	2.53882
bakke	0.11520
svensk	-0.77745
utfordring	4.75341
komiteen	-0.37026
brenner	0.02711
middag	1.07472
lignende	0.22799
mesterligaen	0.34105
handling	-0.31045
siv	0.17810
stiger	1.70155
dører	-0.07396
stein	-1.34222
gjort	-0.10156
anlegg	0.11144
lengste	0.59362
farlig	-0.89497
stormet	0.00000
iranske	0.00000
ferd	-0.03856
france	2.33941
tildelt	-0.21511
døren	-0.02222
ansvar	-0.20810
nordmannen	0.38491
nederland	0.42578
døden	-1.08655
cecilie	0.93769
tradisjonelt	0.61096
tvang	-0.21378
thor	0.56714
sir	0.10009
tilby	0.95446
sekunder	0.07128
topper	0.27357
erna	-0.47255
plassen	1.59123
toppen	1.82985
modeller	0.67090
sender	0.28316
hensikt	-0.05376
satte	2.97896
modellen	0.90779
sendes	0.15489
dobbel	0.43169
knudsen	0.51828
faglige	0.82151
skatt	1.35276
egentlig	2.81130
plasser	0.06372
lyse	0.44611
medlemskap	0.00000
avgjør	-0.01087
kritisert	-0.91763
lenger	0.51233
victoria	-0.06531
nationen	0.00000
klarte	2.75309
innsendt	1.95553
gammelt	-0.24877
befinner	-0.02088
lyst	4.02037
afghanistan	-0.56912
liverpool	-0.18426
naboen	-0.54706
kaffe	0.64773
naboer	-0.17926
bodd	-0.05869
agent	0.34276
sønn	0.24557
lasse	-0.32196
konkrete	0.73920
selskap	1.74533
løsning	2.59481
levende	0.11239
daværende	-0.26485
bidrag	0.32229
liggende	-0.48574
marius	0.54090
leder	-2.19021
wall	-1.00640
ledet	-0.01889
mester	0.33325
skogen	0.13429
sex	-1.56958
ringte	-1.54072
byer	-0.20426
ser	1.53142
byen	1.01415
medielab	0.00000
utbytte	0.29900
snakke	1.64874
veggen	0.33037
nilsen	1.27748
artist	0.21115
dagensit	0.00000
søkt	-0.36981
ødela	-0.84034
betalte	-0.36791
sannsynlig	0.13546
christensen	0.28626
sea	-0.06210
nordmann	-0.25729
fornøyde	0.27232
muligens	0.24193
tiltalte	-0.72105
ambulanse	0.00000
bygd	-0.16586
webtv	6.62314
bygg	-0.38026
kvaliteten	-0.27963
satse	1.26124
sep	1.65349
konstituert	0.00000
landet	-2.12355
sølv	0.27094
selvsagt	2.04940
kveldens	0.40332
william	-0.19019
manager	0.55776
krf	-0.15061
forbereder	-0.50948
ordning	0.12682
score	-0.20175
meldte	-0.36835
skapt	0.47483
tvedestrand	0.00000
deltakere	0.15533
torgeir	0.21796
terry	-2.46348
slå	1.02077
sigurd	0.37860
nina	0.02910
vegvesen	-1.38085
storberget	0.00988
fungerer	2.28521
renten	1.07453
utvalgte	0.03816
vind	-1.13960
renter	-1.55800
muslimske	-1.17155
sol	2.09885
barth	0.00000
folkeparti	-0.42540
amerikansk	-0.38008
mjelde	-0.65275
terra	0.20289
erik	2.01591
søke	0.41059
melding	-0.96145
nils	0.61302
forsvarets	-0.24737
teknologi	0.98693
harald	2.15421
skilt	-1.46047
vinn	-0.79796
betaler	0.50932
sendte	-0.41499
snø	0.50603
levde	-0.22782
krigen	-0.82891
rystet	-0.65901
angrepet	-0.53485
tvil	0.96993
øyne	-0.08984
væpnede	0.00000
fædrelandsvennen	0.31973
duoen	0.75821
troppen	1.17072
heyerdahl	0.00000
operert	-0.19142
sri	0.00000
huset	-0.23188
fortjent	-1.37902
sterk	2.80501
rogaland	-0.63127
feil	-2.08829
norge	-0.00590
regel	1.19967
kongelige	-0.44470
supportere	0.08358
italienske	0.30109
eriksen	2.27234
økning	1.12331
aston	-0.06475
foreslår	-0.23338
bombe	-1.22968
tråd	1.06949
drikker	0.22098
østenstad	9.56386
små	2.30776
ledelse	-0.01986
sponheim	-0.29944
design	0.94859
skape	2.05412
ligge	0.88685
dobbeltabell	0.00000
prosjekter	0.10611
eier	0.39792
kvelden	2.29906
slo	0.94107
fremskrittspartiet	-0.60473
huske	1.18413
prosjektet	1.94776
skuddet	0.57521
toppscorer	0.54613
omstridte	-0.80126
sky	0.26086
vises	0.11966
viser	-1.69830
facebook	0.21117
kosovo	-1.45157
fortsatte	0.26536
sett	1.78256
arctic	-0.78525
lever	0.32478
ski	0.44460
endring	-0.42537
november	0.09160
sko	0.71327
fullstendig	-1.17271
videregående	-0.31117
league	-0.65381
bryte	-0.04232
skapte	0.24735
produksjonen	0.11026
redd	-1.33884
relativt	2.42154
manchester	0.34874
this	0.00000
merke	1.03046
scope	0.00000
episoden	-0.84110
sendt	-1.27929
runden	1.44595
snu	0.19232
online	0.00000
avgjorde	0.50844
runder	0.26630
steve	0.13729
real	0.40269
kommenterer	0.34430
ettermiddag	-0.91091
særdeles	-0.60807
trenger	0.98926
eventuelle	-0.39070
vurdering	1.77450
russland	-0.86946
polen	0.07773
voldsomt	1.46655
iran	-0.90195
sammenstøt	0.00000
uendret	0.00000
barna	-0.33943
hægebostad	0.00000
grunn	-1.70906
irak	-1.44483
barne	-0.10529
sms	-0.02065
lansert	0.25673
situasjonen	-2.36431
felt	0.15892
forskerne	-0.77737
nrks	0.17499
situasjoner	1.19360
eide	0.35330
sende	0.21461
ellingsen	0.13679
guide	1.19944
jordskjelvet	0.00000
aktiviteter	0.34436
passer	4.36943
sjelden	-0.68893
opprørere	0.00000
debatten	-0.10378
rune	1.91327
debatter	0.00000
japanske	-0.39117
tenner	-0.39168
pågrepet	-1.17833
gleder	5.08246
nyhetene	0.16146
vålerenga	1.55527
terje	0.05538
favoritt	0.80224
signaler	-0.32752
danske	1.18612
enorm	0.39274
yngste	0.31946
turn	1.58604
regi	0.28199
lastebil	0.00000
storebrand	-0.51887
visste	-1.31023
stå	0.88231
newcastle	-0.17587
skien	-0.14880
stoppe	0.12022
sjåføren	-0.89219
østerrike	0.40161
regn	-0.54999
bord	-1.17443
rettssak	0.00000
straffen	0.51458
straffet	-0.77889
serbia	-0.57084
dropper	-0.45230
showet	0.25171
beijing	-0.10395
kåre	0.90438
likevel	1.96872
holdninger	-0.19237
syn	0.34905
bakgrunn	0.77172
grønt	-0.04911
kunder	0.55806
oppland	0.00000
spør	-0.44919
syk	-1.00274
forferdelig	-3.34113
laden	-0.99768
document	0.00000
benytter	0.26760
benyttet	0.02129
grønn	0.37722
tekst	-1.09054
anmeldelser	-1.02660
syv	0.29356
amerika	0.00000
strømsgodset	0.44930
falle	-0.26634
raser	3.24029
raset	0.00000
forsvant	-0.36028
jul	2.44301
jun	-1.12078
aksjen	2.57129
overgang	0.56207
bryne	1.44053
aksjer	-0.25625
fransk	0.02254
offensivt	1.09176
snøen	-1.10238
øyvind	8.06482
spilletid	1.23198
skrev	-0.32165
kamper	3.30540
sittende	0.32632
ssb	-0.41167
nevnte	0.57055
kampen	3.41486
klarer	1.69731
album	0.88980
demonstrantene	0.00000
påstander	-0.93219
begynner	1.22047
lagmannsretten	1.35217
behovet	-0.04234
stund	2.69971
taper	-1.60831
klar	1.08398
tapet	-1.12199
gjennom	1.05035
elisabeth	0.09802
kultur	0.42097
canada	0.12838
white	0.57533
sto	1.36502
tyveri	0.00000
opsjoner	0.00000
alvorlige	-1.51179
målselv	0.00000
that	0.00000
str	20.79866
styret	1.96343
regningen	0.05331
styrer	-0.14579
skylden	-1.57293
skyldes	-0.04838
beckham	0.53369
skylder	-1.51586
kongo	0.00000
afrika	-0.46735
bloomberg	0.00000
saudi	0.00000
tidligere	-0.05143
rute	0.33774
sun	-0.36412
trøndelag	-0.01557
meldingen	-0.24395
guttene	1.23612
bjørnar	0.03831
meldinger	-0.26326
utvidet	-0.26627
ærlig	-0.03834
flest	0.42915
frukt	7.03544
økonomisk	-0.82650
høyde	0.66357
ronaldo	0.66484
birmingham	-0.20208
svs	-0.45264
rasende	-1.09479
brussel	-0.95260
grov	-0.80158
service	-0.97232
økonomi	-1.53947
passet	-0.47724
skriv	-2.23835
forsvare	-0.02644
tak	-0.24497
quart	0.16073
visse	0.13483
hende	0.63102
hoppet	-0.00414
planlagte	-0.43237
stilles	0.10923
trusler	-1.11277
anke	0.00000
melder	-0.90735
flere	-1.02272
falsk	-1.00219
stiller	2.31543
forholdene	0.01339
trafikkulykke	0.00000
møte	0.80400
interesse	2.03931
salen	0.37065
skjebne	-0.55777
lengre	1.45312
begynne	0.73048
forrige	-0.06421
kidnappet	-0.43851
national	0.00000
pubdate	0.00000
teller	0.49633
tilbudet	-0.11609
jakten	0.13880
avis	0.29544
inneholder	-0.31135
kai	-0.09299
møtt	0.14705
jakter	1.09223
stemning	1.44514
jørgensen	0.51631
sånt	-0.18403
jerusalem	0.00000
nekte	-0.51120
tas	0.61862
tar	1.18987
vellykket	0.48766
tap	0.04136
bodø	0.48780
kjørte	-2.22881
leiren	0.00000
fremover	3.78420
reagerte	-0.91624
google	-0.28456
voldsomme	-0.57933
rene	9.73607
værmeldingen	0.00000
blikk	0.66621
eldre	0.43623
skyldig	-1.30699
renn	-0.06523
konkluderer	-0.52034
pågår	-0.38785
kjempet	0.00951
kneet	-2.20503
kjemper	0.22422
ferien	0.07559
rent	0.75433
nyttår	-0.26928
møre	-0.48509
gruppa	0.42386
tdn	0.95918
mørk	3.69011
garantert	0.90492
brant	-0.81521
hevde	0.77030
boks	-0.85502
grete	-0.02370
brann	0.48855
gruppe	-0.44742
lengst	0.31155
språkbruk	-0.06242
dagers	-0.55269
ligaer	-0.08204
minutters	0.43727
farten	0.15139
kjedelig	-0.54830
ligaen	0.80099
børspause	0.00000
opplevelse	8.47780
fungerte	-0.38410
boka	0.79319
spangereid	0.00000
bidrar	2.68414
kjendis	0.00000
stede	0.40068
strømmen	-0.72420
lære	0.06892
sliter	-0.67477
dagbladet	0.00384
tradisjon	0.79420
vigeland	0.00000
konsernsjef	0.73266
advokaten	-0.34608
biltester	0.00000
varetekt	-1.40204
alfheim	0.73803
advokater	-0.36421
bransjen	0.70450
lært	1.30191
sliten	-0.03850
utviklingen	0.48835
rett	1.48184
seere	0.25829
passasjerer	-1.33435
avisa	-0.44615
class	0.00000
bjørnstad	0.21895
expressen	0.00000
nivå	2.70795
leilighet	0.21515
motstand	0.27515
bladet	-0.15422
organisasjon	-0.18083
hevet	-0.16174
sjefen	0.25428
kåret	0.45922
anker	0.00000
anket	0.00000
aksjon	0.09826
anser	0.05637
dagens	-1.19508
drapene	0.00000
gjerstad	0.00000
ansatte	-1.04916
stor	3.39744
avgjørelse	2.22446
begynte	-0.34462
nettopp	0.61770
mobilen	0.05028
brakt	-1.06142
stillingsvarsling	0.00000
rikeste	0.77314
bildeserier	-2.27446
årene	-0.18896
turister	-0.18133
trykket	0.42331
stallen	-1.46651
internasjonal	0.23192
with	0.00000
hjelper	0.55525
steen	0.18752
viste	2.34158
artingress	-0.63324
viking	2.89758
revet	-0.13623
departementet	0.31757
alternativer	0.76298
henge	0.28211
avdekket	-1.37728
dagene	0.72803
alternativet	0.31467
anna	-0.14918
premier	0.04875
visst	0.64830
anne	0.69010
tenk	0.55384
adressa	0.00000
riktig	5.66202
leeds	0.11436
postboks	-2.25006
adresse	-0.05999
personlig	0.19794
ansiktet	-0.40785
oscar	-0.07357
hjulpet	0.40271
stig	0.83095
gripe	-0.13035
henhold	-0.49000
voldtekt	-0.83400
iversen	-0.47053
opptil	-0.33743
klare	0.65066
sørlandet	-0.46265
sjokk	-0.32661
syria	0.00000
else	0.00000
gabrielsen	-0.19028
kortere	0.38241
tema	0.74283
nokas	0.00000
klart	1.24252
klassen	0.24736
utlendinger	-2.49059
solskjær	1.88585
meste	1.04527
lærer	0.53955
gjentatte	-3.13092
bil	-0.50517
skattelistene	0.28355
bin	-1.08777
luften	-0.30362
big	-0.11053
knust	-0.64347
parti	-1.21189
innhold	1.91908
kutt	-0.40303
bensin	0.22535
dokumenter	-0.60594
betydning	2.37773
seksuell	0.00000
forholdet	-0.73442
side	0.15816
partileder	-0.48766
bildeserie	0.00000
behandlet	-0.74579
snudd	0.30307
behandles	-0.20071
senket	-0.12866
ankom	-0.16669
midler	0.59534
fremtid	0.11485
tingrett	-0.53866
spår	-0.19936
bente	-0.06995
svarer	2.72447
frivillige	0.07063
svaret	1.42810
reagerer	-1.28377
konkurranse	2.31638
stil	4.85125
ytterligere	1.07549
tufte	-0.33362
engang	0.23186
flytte	0.18252
eksplosjonen	0.00000
hoppe	-2.72519
oppfølging	-0.28137
kurs	0.71501
landsmøtet	0.00007
kurt	0.09876
ham	2.23405
langrenn	0.58240
tviler	-0.27335
sportslig	0.67045
bob	-0.02176
irland	-0.27103
koblet	-0.31685
pdf	-0.37756
bok	0.86345
sies	-0.03916
forhindre	-0.16489
kreve	0.14563
sier	-0.10192
våpenhvile	0.00000
formål	0.01383
kirken	0.35825
presidenten	-0.21394
planen	-0.16508
kjøper	-0.24730
planer	1.01973
larvik	0.22578
dronning	-0.42343
kortene	0.31409
strømstad	-1.96226
bruken	-0.09125
erichsen	0.00000
bolig	-0.35914
georgia	0.00000
spørre	1.03230
kroppen	1.50800
oppgjør	-0.25065
språk	0.84822
hussein	0.00000
effektiv	0.74830
bjelland	0.00000
bmw	0.51288
bruker	0.38787
teborg	0.00000
slottet	-0.18248
sivile	-0.73771
teater	-0.00588
kvalifisering	0.28601
testet	3.27030
hamas	0.00000
hamar	0.18617
brukes	1.25001
webmaster	2.30019
spenning	0.69065
driften	-0.33553
henvendelser	-0.26102
tester	-0.01889
justisdepartementet	0.00000
breivik	0.47362
testen	1.16285
bestemt	0.74740
spillere	4.50952
par	4.46643
argentina	0.12152
omtalte	-0.12959
etterlyser	-1.03467
stod	-0.02963
name	0.00000
verdenscupen	0.15514
volvo	0.34147
forventningene	0.62656
hånden	0.24660
betydelige	-0.05262
music	-0.01749
mannens	-1.00754
brystet	0.16213
orderud	0.00000
tiår	-0.29920
emneord	-0.60683
tallet	0.06595
stjernene	0.20255
slutten	0.73857
sluttet	-0.33940
slutter	-0.45946
blå	0.03408
ført	-0.71604
forårsaket	0.00000
bom	-0.42239
overfor	-0.76972
bor	1.29078
stått	0.41914
bot	-1.15591
statsministeren	0.32536
tegn	-0.74455
pressekonferanse	-0.32257
føre	-1.00960
torjussen	0.00000
fredagens	0.13162
energi	-0.26590
opptak	-0.08904
musikk	2.35955
hel	0.33688
inspirert	0.72982
hei	2.12541
trøbbel	-0.56227
hovedside	0.00000
elin	-0.21004
fengslet	0.00000
sluttspillet	0.72702
programmet	0.73458
vold	-0.83919
vedtak	0.30041
temperatur	0.19832
bilen	0.20977
bbc	-0.52502
biler	-1.07876
jenta	-1.10924
årige	0.05552
forstår	-0.58650
offentlig	0.04548
olsen	1.29650
helstad	-2.13726
jente	-0.46938
oslopuls	0.00000
anbefaler	0.99034
php	0.00000
forsinkelser	-1.22373
het	1.56016
diskut	0.00000
fortalt	-1.53055
ofre	-0.63756
broren	-0.05047
tysk	-0.44454
bak	2.16294
fatet	0.00000
foran	3.72919
nokia	1.01270
mobil	-0.09668
oftere	-0.49540
bilde	0.18983
effekten	0.45900
bad	-0.33521
besøk	2.02588
nato	-1.15839
virkelig	2.77087
arbeidslivet	-0.57710
natt	-2.34570
nærheten	-0.24567
sitte	0.99135
bar	2.44220
gratis	0.18560
lands	-0.00368
risikerer	-0.90306
forbi	0.07793
opplyste	-0.60806
fattigdom	-0.25465
statsråden	0.20188
tørrissen	0.00000
rysstad	0.00000
avtalen	1.65372
avtaler	0.01201
kolleger	-0.16537
lister	-1.43106
bringe	-0.20619
listen	0.26002
putin	-0.93399
tonstad	0.00000
dessuten	2.30765
gundersen	0.12131
brukte	0.01845
bilene	-0.64671
byttet	-1.36370
bytter	0.39042
birkeland	0.19387
star	-0.05937
hvert	2.91259
taler	0.25205
stat	-0.73019
offisielle	-0.48187
forby	0.00000
oftest	-0.37110
uklart	-0.64353
per	0.03812
gulvet	0.15563
jubler	0.14498
finnsnes	0.00000
trondheims	0.00000
etablere	0.33025
usikkert	-0.22230
janne	0.07655
vær	1.57843
etablert	0.48614
skuffende	-0.75383
samfunn	-0.38734
type	1.56781
euro	-0.13503
bety	0.49407
eivind	-0.00063
hiv	0.00000
viktige	1.61074
innlegg	-1.06659
innlegget	-0.13804
kyrkjebygd	0.00000
ille	0.84443
krekar	0.00000
følg	0.71494
føle	-0.17661
heldige	-1.71859
enten	0.13573
økningen	-0.43317
ber	-1.05468
hilde	0.91944
overraskelse	6.56574
fattige	-0.75888
bjerke	-0.23454
team	0.61434
ben	0.14969
digitalsport	0.33050
bildene	-1.25492
sluppet	-0.26961
konkret	1.03229
paul	0.18708
sikrer	0.48634
sikret	0.48301
medlemmer	-0.10150
nettsted	0.00000
christian	0.70366
utenlandske	-0.23134
kanal	-0.72399
norden	0.00391
ruud	0.11388
nevnt	0.36150
gjennomføre	0.45420
roger	0.47808
stortingsrepresentant	-0.01743
avstemning	1.54875
ofte	0.72641
seier	2.74988
nordea	-0.16474
medisinske	0.23150
torsdag	-0.45395
gjennomført	0.39179
rollen	1.37065
kostnadene	1.15776
februar	-0.37423
reuters	-0.52482
forskjellige	1.25490
sport	-0.42853
telefon	0.28628
carlsen	0.45963
sistnevnte	0.68985
halve	0.47913
pass	-0.50498
blomster	3.35569
opprinnelige	-0.01058
steg	1.45856
sakene	0.34105
sted	0.48453
plan	-0.77527
lån	0.70266
avtale	0.22693
mannskapet	-3.13130
klasse	0.99870
låt	0.54852
stem	0.43509
oppfatning	1.17086
halvt	0.17972
duell	0.71508
kinas	0.00000
skrevet	0.57257
berg	0.08789
tipset	-3.67844
arrangeres	-0.01078
landslaget	2.77675
styrkene	0.00000
faktisk	2.74266
pop	0.19610
politikken	0.71939
begeistret	0.47008
rasisme	0.00000
meter	2.72226
gander	3.60923
riseth	-2.05631
voss	0.11139
nordisk	-0.11057
myhre	0.40466
sira	0.00000
bunn	-0.40298
finland	0.29711
beskriver	-0.08518
kvartal	-1.19369
siri	-0.50976
operasjonen	-0.24701
operasjoner	-0.37895
zlatan	0.00962
eirik	0.15166
ødegaard	9.67832
mesterskapet	0.45721
norsk	-0.72949
turen	2.03479
tiltalen	0.00000
konservative	-0.59739
god	9.53758
bildetekst	-0.52879
kysten	-0.22441
politisk	-0.69443
best	5.47681
golf	0.63168
gullet	3.72485
årsaker	-0.87343
særskilt	0.00000
årsaken	-1.78595
forskere	-0.64034
tøffere	-0.06353
utslipp	-0.39062
ungdom	-0.21502
påstand	0.72035
sentralbyrå	-0.50151
velger	0.99575
rekke	-0.41295
prosent	-2.24580
utdannelse	-0.23317
kostnader	1.53284
ronny	0.37422
erfaring	4.02546
gamle	0.78714
mediene	0.69573
hoftun	4.98859
nettverk	0.21316
invitert	-0.02936
pst	-0.57774
buss	-0.74545
rettigheter	0.40294
pedersen	0.45847
svarte	-0.10794
kreft	-0.30795
journalisten	-0.10060
vgtv	-0.18888
kravene	-0.43400
beskjed	-0.92111
hamre	0.00713
bush	-0.45344
statlig	-0.42517
thorbjørn	-0.10655
kvarter	0.65290
reddet	2.40764
sørensen	0.24365
oppsto	-0.69205
journalister	-0.14641
kampoversikt	0.00000
johan	0.36866
kristiansand	-1.15217
født	0.14287
søndag	-0.64687
trekke	0.99045
aftips	-0.22529
kaster	-0.42433
kastet	-1.18452
ekstra	5.61943
håndtere	-0.03417
distriktet	0.00000
eventuell	0.83013
bislett	0.56764
siste	-0.10463
dommerne	-0.61720
abonnement	-0.12651
mccain	-0.26010
gro	0.13903
samtidig	0.51207
ledelsen	2.64716
hushovd	1.81654
eventuelt	0.80249
blogg	-0.60243
etterhvert	0.83966
thead	-1.37619
reisende	0.00157
you	0.00000
bilister	-1.07239
kritiserer	-1.17011
kontrakter	0.00827
stanse	-2.12741
diesel	0.16712
lurer	0.62118
gaza	0.00000
kontrakten	1.05886
mediehuset	0.28230
emil	0.61853
leter	-0.20525
myndighetene	-0.84581
kværner	2.31972
bent	0.56853
sterkere	0.93320
bein	0.93357
pagetracker	1.35033
fleste	0.48918
unngå	0.33526
engelske	-0.03641
sikt	1.84189
omsorg	0.24104
kapasitet	0.14930
velkommen	-0.26129
fristen	-0.01684
polske	-0.10506
bra	7.51800
sunderland	-0.16256
utenfor	0.77696
grundig	1.32266
gud	0.10109
undersøkelsen	1.03076
lette	0.16676
enighet	0.51981
nabo	-0.08322
søte	0.30060
dagbladets	0.49086
trives	2.61917
anlegget	-0.29946
undersøkelser	-0.35057
kravet	0.32423
valueof	-0.84836
boligen	-0.16027
høyeste	-0.71945
gore	-0.55293
skjedd	-2.17225
imponert	1.22986
boliger	-0.22018
dommen	0.07820
portsmouth	-0.47292
mulige	0.44679
bommet	2.34777
block	0.00000
dommer	-0.04139
advokat	-1.49504
motstandere	0.17844
gatene	-0.77939
stemmer	0.79525
levere	0.85727
paris	-0.57257
transport	-0.01493
opera	0.02257
rekker	0.17188
hauge	0.53058
forfatteren	0.05885
politikk	0.14928
motorsport	0.00000
vekst	-0.76995
bjørndalen	-0.32769
åpningen	0.05099
berømte	0.10456
levert	-0.02231
populær	0.66056
rooney	0.43918
btv	0.00000
fritid	0.00000
forsvinne	0.51120
sektor	-0.10077
usas	-0.58592
tyrkia	-0.33912
falske	-1.17206
finne	1.06152
tyske	0.02797
låter	0.29123
nokså	0.90540
regissør	0.47291
gang	1.99242
bud	0.96291
setesdal	0.00000
trengte	0.59649
saken	-4.52736
forholde	0.97823
tidende	0.72121
etappe	0.47147
inger	-0.14021
juli	-0.32208
datter	-0.61901
saker	-0.79950
greske	-0.37483
åsane	6.13213
abbas	0.00000
diskutere	1.16602
opererer	-0.05017
personlige	0.56220
nettsider	1.88139
fornavn	-1.27199
trukket	1.25205
fakta	0.14320
amundsen	0.11546
benken	0.63592
stabæk	0.99814
legevakten	0.00000
gata	-0.08045
ønsket	1.91588
diskutert	0.25556
løs	-1.47481
sint	-0.60837
ønsker	0.48209
patrick	0.25740
merket	-1.11056
løp	2.00106
erstatning	-0.79968
løv	0.00000
mathias	0.73938
gate	4.89844
scoring	2.20251
bedt	-0.77477
foretatt	-0.68399
strid	-0.34118
juni	0.05939
kommunale	-0.65625
paret	0.25518
utgjør	0.04126
fungere	-0.09591
ledig	-0.60308
miste	0.15434
israel	-0.91400
toyota	0.23027
dommeren	-0.70304
sudoku	0.00000
innstilling	0.56721
tidvis	0.64962
gass	-0.37921
merker	0.22326
randaberg	0.70579
hjalp	-0.22074
måned	0.52172
hender	-0.14408
gjerne	5.97002
ansatt	0.24128
påkjørt	0.00000
høyesterett	-0.49780
sterkeste	0.22559
verdien	0.10701
presse	0.15705
verdier	0.81687
savnet	0.83566
plassering	0.57470
lillestrøm	-0.05105
bestill	-0.59478
savner	0.20519
topplister	-0.03521
foretrekker	0.27892
tusenvis	-0.63534
byr	0.93071
arbeiderpartiet	0.04610
offensiv	1.14427
resultatservice	0.00000
store	1.19742
stord	0.02830
lenge	1.75682
idretten	0.63449
internt	-0.50466
mona	-0.00514
utstyr	0.38289
området	-1.08216
storm	-0.57698
leie	-0.08272
områder	0.98848
ga	2.10352
leif	0.00149
øke	1.35416
fk	-0.20430
forbruker	0.30084
stort	2.17302
fr	11.66861
samtalene	-0.14285
fn	-0.96239
kommisjonen	-0.59190
hovden	0.00000
engine	0.00000
fantastisk	4.77172
avvist	-0.75277
plate	0.42219
omsetning	0.21499
tidenes	-0.33328
he	0.00000
plata	-0.65960
spørsmålet	1.29781
sandnessjøen	-0.13958
sykdommen	-0.69237
virkelige	0.02593
gi	0.65380
uheldig	-7.66475
mons	-1.84773
air	-0.51407
gt	1.66246
plass	3.85947
knut	0.99757
gr	39.25513
go	0.00000
økt	-0.34888
dt	-2.62867
gift	-0.16093
legg	0.29147
lege	-1.22433
jordskjelv	0.00000
ledere	-0.04403
motoren	1.11382
stopp	-0.19488
slaget	0.20471
dd	-0.19267
skremt	0.94761
sagt	0.06071
vinter	0.69939
dl	1.02663
do	0.00000
dn	-0.23046
aktivitet	1.21839
vakker	1.80203
dr	0.12300
bidro	0.08293
eu	0.45058
hæren	-1.36841
konsernet	0.30122
haugen	0.29494
nedbør	-0.57619
politiker	0.14738
fa	0.00000
flekkefjord	0.00000
statoilhydro	-0.47668
fc	0.15851
målingen	-0.77660
interessert	0.93343
nytt	0.23667
el	-0.30662
gahr	-0.45613
bidra	3.28198
ei	1.35587
ektemannen	-0.54187
forslaget	1.91823
em	1.26570
gradvis	0.40587
angeles	-0.58092
slitt	-0.23351
bondevik	0.44306
landslagstrener	0.27907
krefter	0.88174
normal	0.24815
imidlertid	0.52919
reise	0.44283
nyte	1.07673
by	0.00000
br	0.00000
karlsen	0.10328
frode	1.18212
tomme	0.40391
bt	1.06452
posisjon	1.60070
bo	0.46096
bj	0.00000
heter	1.25646
bl	0.00000
leste	0.33277
akseptere	-0.33046
reist	-0.27029
utfordringen	0.84551
tommy	0.29515
ann	0.19545
utmerket	1.38945
utfordringer	1.19076
be	0.00000
db	0.00000
milan	-0.02905
menneske	0.08723
valle	0.28726
lene	0.41023
reiser	0.95846
fulgte	-0.00150
johnsen	3.91746
forbindelse	-0.03464
samarbeider	-0.06738
magen	-0.31022
minste	0.82968
morsomt	0.54127
anb	-1.18464
samarbeidet	0.59097
and	0.00000
valla	-0.46586
co	0.86972
cm	0.55203
sekund	0.59639
kautokeino	0.00000
mette	0.32389
nordmennene	-0.14706
anmeldt	-0.32091
securities	0.02174
senter	-0.24938
eksempel	-0.39838
roman	0.25124
andreas	1.68175
gikk	-0.22150
cd	0.03029
kirkenes	0.00000
frispark	0.43455
utstillingen	-0.48288
ekte	0.65029
håland	-1.64708
størrelse	1.62648
våre	0.00544
kristian	-0.14270
enige	1.60060
lurte	0.48545
alt	2.12337
omtalt	-0.00041
kalles	-0.06822
vårt	0.29167
kaller	0.04224
politiet	-6.04259
all	0.00000
passe	4.37013
stolt	-0.89598
diego	0.52469
stoke	-0.15060
annonser	2.75464
drikke	0.50620
ali	-0.75303
ba	-1.04859
stjålet	-1.19807
alf	-0.22452
as	0.00000
vokst	0.55664
derimot	1.87693
britene	0.00000
allerede	1.07514
mikael	0.26367
verste	-0.26718
al	-0.57571
gjelde	-0.38499
color	-0.19200
ap	-0.93529
michael	0.19751
midtøsten	-0.40345
an	0.00000
framtida	0.45138
ida	0.90578
fvtips	0.00000
galt	-5.88642
pakke	0.46719
vokse	0.34120
skatten	-0.22034
baksiden	-0.30748
basketball	0.00000
fylkesmannen	-0.31731
rette	1.78022
nr	3.06997
sterke	1.01063
brannen	0.17918
vinteren	-0.15481
nettavisen	-0.94569
boken	0.76536
ny	-0.46179
heller	0.84249
barentshavet	-0.22042
nelaug	0.00000
rangers	0.05889
of	0.00000
rushfeldt	0.63070
nettannonser	0.00000
pluss	0.67520
button	0.00000
forlater	-0.23855
øst	-0.33248
europeiske	0.82126
on	0.00000
ok	0.03717
representant	0.11965
ol	0.34821
sterkt	-0.29320
nbsp	0.00000
utbyggingen	-0.07570
nåværende	0.14185
ulykken	-3.77614
stillingen	0.61155
os	-0.14664
regjeringen	-0.63712
lagmannsrett	0.00000
ulykker	-1.35636
stillinger	1.57513
straff	0.21431
delt	0.61593
kø	1.59035
dels	-0.41476
kombinert	0.12107
retur	0.68420
aas	0.43235
hjerte	-0.47793
fulham	0.13159
smalt	-2.25226
faglig	0.09282
pc	0.58053
lå	-0.77390
region	-0.41818
lo	-0.02620
deles	0.24727
slikt	0.05892
deler	-0.15060
moss	0.12699
hovedsak	0.13789
skole	0.18217
lt	0.09410
delen	0.00269
utgangspunkt	0.60784
lykkelig	0.43756
barnehagen	0.24549
barnehager	-0.73640
britney	-0.74843
sammenheng	0.44293
mc	0.00000
slike	-1.74904
interaktiv	0.00000
ma	0.00000
prosessen	1.33224
gjaldt	0.21547
dele	-0.69838
mk	-2.49996
lørdagens	0.10114
butikk	0.54703
narvik	-1.10247
fanget	-0.43649
fanger	-1.10962
hensikten	0.04879
mo	0.17491
øre	-0.25097
mr	0.27562
frykt	-0.67849
siktede	-1.21112
nærmeste	0.64737
utenriksminister	-0.02333
forbundet	-0.64726
delicious	0.45189
my	0.00000
kroatia	0.04487
mål	4.43924
na	0.00000
wayne	0.45941
byåsen	0.19486
ørn	3.58118
nm	0.78546
reiste	0.90330
jean	0.00000
afp	0.09379
hellas	0.21935
lokal	0.01907
familie	0.11027
straks	-0.12986
jr	0.11135
jo	4.24982
hevder	-0.98780
studier	-0.36630
skiller	0.29838
hevdet	-0.78894
love	0.40302
skyting	-0.55824
italia	2.49209
reglene	0.48522
strake	0.25467
rådgiver	-0.26618
moro	0.72139
utsette	0.05929
doku	0.00000
prosess	1.79738
lovet	-0.24339
lover	-0.02578
idet	-0.00793
tydelig	0.71650
levd	0.06578
kv	0.00000
streiken	-0.65136
leve	-0.13656
aftenpostens	-0.34476
kr	4.82958
etappen	0.76164
kl	-1.77327
km	0.38955
reiseliv	0.00000
grupper	-0.38619
lillesand	-1.07344
gruppen	-0.07056
le	0.31636
la	2.13447
hr	1.26325
hjem	0.67894
brøt	0.30575
nyhetsbyrået	-0.92074
adm	0.00000
domstol	0.00000
drift	-0.13900
lese	0.68356
hydro	2.27046
administrasjonen	-0.13370
vestlandet	-0.65033
ukene	0.24033
id	0.65697
studentene	-0.22978
negativ	-5.47537
kongen	0.20707
trening	3.29766
trakk	-0.05135
if	0.00000
forestillingen	0.21046
interessante	0.45920
hamkam	0.45720
tørum	2.97840
ukens	1.49337
spent	0.63117
lest	-0.54825
begått	0.00000
dø	-0.70015
ir	0.00000
is	0.00000
kommentarer	-2.13132
it	0.00000
apititle	0.00000
besøke	0.08172
loven	0.06443
ii	0.05880
il	-0.08478
bankene	-0.30309
in	0.00000
lete	-0.29183
sudan	0.00000
gamst	0.65247
harstad	-1.44024
uventet	0.36523
nedtur	-0.32110
lett	6.12037
forsøk	-0.58923
smart	0.48017
sarkozy	0.00000
hidra	0.00000
strand	1.25912
stiftet	0.24526
legger	0.90665
stoltenberg	1.85094
legges	0.36476
godkjent	0.33012
spor	1.43672
mistenkte	0.00000
traff	0.27158
nordiske	-0.11424
naturligvis	0.28538
washington	-0.20129
svare	0.71979
sø	0.00000
klubb	2.77869
oljeprisen	-0.75547
hanne	-0.03422
dntv	0.00000
kilden	0.00000
sammenlagt	0.42697
deltakerne	0.28593
tilfelle	0.46129
redusert	0.70772
innført	-0.16683
svart	-1.14665
ordningen	0.40011
international	-0.17489
dratt	0.19367
trine	0.80620
partiene	-0.04514
frykten	-0.50544
planlagt	-0.67689
betydelig	1.78422
næringsliv	-0.46761
redusere	1.73148
gravid	-0.22462
innføre	0.18698
hos	0.11707
behov	1.11604
naturen	0.37581
we	0.00000
satsing	0.11695
osama	0.00000
vm	1.93785
avansert	1.03984
finalen	-0.32801
vg	-0.67275
grunnen	0.15294
hemmelig	-0.52765
grunner	0.70919
framtid	0.02924
rektor	-0.35007
tilhører	-0.19303
spre	-0.26708
delvis	0.19218
ullevål	-0.79625
snudde	-0.31235
våknet	0.08536
risikoen	0.23300
hard	0.16040
mulighet	5.82989
park	-0.69995
utvikling	0.70243
havne	0.29233
smith	0.56906
us	-0.09658
front	-0.34362
stjerne	0.55070
samtlige	0.38450
fjorårets	0.21533
brukerne	0.33026
kristine	0.47497
overkant	0.71505
up	0.00000
erklærte	0.00000
norwegian	-0.04579
tt	0.00000
tv	0.85987
øye	0.84806
ud	-0.21101
øya	0.04483
fysiske	0.06529
lanka	0.00000
øverste	0.29264
derfra	0.51383
redaksjonssjef	2.96513
arsenal	-0.08875
bengt	0.45349
verre	-2.05114
kniv	-1.23452
videoen	-0.41613
basert	0.60348
jostein	0.11618
gardermoen	-0.61595
videoer	0.00000
te	0.96044
spørsmålene	1.41986
romsdal	-0.36114
th	-0.30588
initiativ	0.02949
konflikt	-0.35552
eiendommen	0.09533
ordnet	0.61756
ungene	-0.34270
eiendommer	-0.29883
ta	2.07678
sønnen	-1.71207
langs	0.57863
su	0.00000
sv	0.14448
ss	1.57261
tjener	-0.23266
st	10.23855
langt	1.80784
bevis	0.41522
personen	-0.37151
utgangen	-0.18596
sp	0.52939
mexico	-0.58050
alternativ	0.83831
forbruk	0.43986
se	0.50934
kanskje	4.03836
lønn	0.63672
fremste	0.01760
james	0.12913
øyeblikk	0.21551
beskyttet	2.07925
sa	1.45937
kvitt	0.17521
carlos	0.20894
pund	-0.03169
rv	0.00000
dommere	-0.44626
statistisk	-0.39024
besøket	-0.03497
forum	0.00000
ro	-0.31630
tingene	1.67519
senteret	-0.13696
arvid	-0.31380
klubbene	2.57272
signal	-1.42347
re	7.25764
operasjon	-0.33607
utlignet	0.83603
tyskland	0.69012
kilder	-0.33921
verst	1.07074
meters	-0.37343
klage	-0.64962
oppe	1.42677
kontrakt	1.13181
lyngen	0.00000
eiken	0.00000
klubbens	0.98074
personer	-3.38634
øvrig	0.96535
fryktet	-0.43103
verken	-0.41441
frykter	-3.06375
meldt	0.05440
samling	0.27612
underholdning	1.23003
direktøren	0.16068
bergen	0.05970
hamr	0.00000
berger	0.09821
klassisk	3.32858
forskjellen	0.92541
berget	0.28294
ønske	1.81117
prinsippet	0.00443
forskjeller	-0.40452
tvunget	-0.81649
melde	-0.11298
lange	0.95958
lø	0.00000
px	7.12146
bosnia	-1.72606
handlet	1.36700
myndigheter	-0.84716
grader	1.52553
foto	0.14475
leser	0.51397
forklaring	-0.61218
foreligger	0.55985
halv	-0.78937
pr	1.25274
derfor	-0.26775
handler	2.01484
ps	0.73135
butikkene	-0.44135
shell	0.00000
frikjent	0.00000
disclaimer	0.00000
test	0.78812
kjetil	0.78911
ingrid	0.50257
forsvinner	-0.26429
gjenstår	0.97788
foss	-0.09087
drama	0.51919
retning	3.48129
city	-0.05687
open	0.41287
vedtok	-0.81461
are	0.00000
løst	0.01924
eiendom	-1.11048
umiddelbart	-0.51785
nordre	0.00000
barcelona	0.23555
søknad	0.70813
generelt	1.88110
moen	0.20043
delte	0.21997
tett	2.57351
form	3.80438
løse	0.46589
ferguson	0.15933
beslutningen	1.33953
kjøpte	-0.61004
art	0.03874
delta	1.28277
sving	0.35672
fort	3.51809
asa	-0.32426
virksomhet	0.72189
forslag	1.48448
svake	-0.72604
helen	-0.09513
rettssaken	-1.33483
sverige	-0.72099
fadnes	0.00000
oppover	0.28588
rydde	-0.65484
tirsdag	-1.32802
ingebrigtsen	0.58545
mannen	-3.17790
forkorte	0.00000
diskusjon	1.38501
dårlige	-1.87276
økonomiske	-0.94092
barnevernet	-0.80630
statsbudsjettet	-0.30876
forlenget	-0.09638
faste	0.53499
forsiden	-0.47583
landsbyen	0.00000
tør	0.45487
styreleder	1.05107
forberedt	-0.09967
magnus	0.21579
fantastiske	0.95297
svakt	-0.51126
bråk	-1.36685
babybilder	-0.25986
ford	0.38578
forberede	1.08725
thomas	1.62839
slår	-0.39066
benekter	0.00000
meninger	-0.16164
havet	-0.20520
braaten	0.54554
opec	0.00000
apr	-0.55409
aps	-0.75053
hus	-0.03161
mobiltelefon	-0.21313
omfattende	-0.32374
utviklet	0.39746
utvikler	0.83290
owen	0.49969
fredriksen	0.33622
bekreftet	0.87855
bygland	0.00000
thorkildsen	0.23314
partiets	-0.52738
desember	0.14551
flytende	-1.02824
utrolig	7.20327
slovenia	0.05773
brevet	-0.10149
helikopter	-0.88520
løpe	0.40698
bekrefter	1.18217
opphold	0.08156
avd	0.00000
flinke	0.06561
politiske	-0.72135
show	1.05441
negativt	-1.95522
smittet	-0.52584
fjord	-0.18166
familiens	-0.27589
ukjente	-0.01254
hatt	2.09181
apor	-0.95150
våpen	-0.52014
gjennomgang	0.03707
spilles	0.49455
spillet	5.11729
spiller	4.96264
uken	0.49667
jacobsen	0.70849
font	0.00000
holmenkollen	0.39621
nodeland	0.00000
gitt	-0.41422
leiebil	0.00000
nettet	-0.11848
redaktøransvar	-0.67438
dør	-0.52994
ståle	0.51467
skaffe	0.48594
omkring	0.38254
hasj	0.00000
magasinet	0.26737
grunnleggende	0.71695
gjestene	0.43697
beruset	0.00000
død	-1.55357
nettby	0.80569
billigere	0.21452
statistikk	-0.17844
svært	0.28647
nordkapp	0.00000
kollega	0.31337
fond	0.62164
robbie	0.48119
milosevic	0.00000
uker	-0.97744
kaptein	0.31730
havn	-0.02451
består	0.48733
tilsynelatende	0.03820
trist	0.31405
holdning	3.62018
ringe	-0.22692
magne	0.18983
storbritannia	-1.50273
gjennomsnitt	-0.97541
george	-0.18586
multimedia	1.53751
bistand	-0.43689
strategi	1.03521
aug	-0.72750
negative	-2.63110
verdensmester	0.45959
president	-0.44038
vestbredden	0.00000
veldig	6.63311
ferie	0.21694
avgjørelsen	1.15332
kundetorg	0.06394
ennå	1.91218
sykehus	-1.87816
britiske	-0.59665
rolf	0.68323
nielsen	-2.10426
ffk	-1.48648
schibsted	0.05035
marie	0.44858
forsvar	0.26408
inntekt	0.49550
nho	-0.06634
millioner	-1.58435
nhl	0.00000
fep	0.00000
spania	0.98564
maria	0.63309
dermed	0.43454
neppe	-0.04533
feb	-0.83491
kors	-0.32366
vanskelige	0.30099
aafk	0.36524
kort	1.79986
inngått	-0.46832
nordreisa	0.00000
været	-2.88309
bedring	0.99054
hvile	0.59675
anders	0.66698
annan	-1.60112
haugesund	0.29020
gammel	-0.34743
vakre	0.36948
opphavsrettslig	2.19224
danskene	0.52533
typisk	0.43356
universitetet	-0.26530
kreves	0.63176
krever	0.99433
olavs	-0.49281
trygg	1.54914
herlig	10.21148
afrikanske	-0.50099
konkurrere	0.60445
dukket	0.01965
vegutbygging	0.00000
overrasket	2.32569
uavgjort	0.16369
altfor	-0.96417
røyk	-0.42483
lede	1.23106
knapt	0.33633
trygt	0.17394
engasjement	0.27058
kristiansen	0.58763
utskriftsvennlig	0.00000
ledd	-0.11357
altså	1.57094
dukker	0.20200
jazz	-0.02603
deltok	-0.08512
glemt	-0.16364
målt	-0.55491
besluttet	-0.84931
garderoben	-0.15765
new	-1.55793
plukket	0.22677
profilen	0.00000
ballen	7.43396
nff	0.04782
mads	0.15147
kona	-1.33095
gjøres	0.05418
skjønner	-1.16234
grunnlag	0.94831
siktet	-0.88625
bygge	1.30008
kong	-0.24272
nominert	-0.24691
mottatt	-0.18235
kone	-2.53459
militær	0.00000
kilde	-0.06276
arial	-1.59181
høyres	0.29342
foten	0.23653
erstatter	0.89762
åringens	-0.57837
ungdommene	-0.50643
favoritter	0.20123
kaldt	-0.00588
artbrodtekst	-0.55862
finske	0.23183
markert	0.10584
plassert	0.81635
fylket	-0.44416
fat	-0.45197
ordre	0.00000
far	0.58024
display	0.00000
label	0.00000
maks	0.38936
kalde	0.24079
hansen	1.32288
makt	0.21009
knivstukket	0.00000
laget	5.35059
birkenes	0.00000
lager	2.04461
vanlige	0.88994
texas	-0.38034
hotell	1.84170
steven	0.36307
såkalte	0.02360
fremfor	0.04225
telenor	0.83056
ordfører	0.01529
samtaler	0.70856
redde	-0.64636
drøy	0.56061
divisjon	-1.01733
erling	0.18326
trondheim	0.64817
asia	-0.44594
torbjørn	0.27514
fjordane	-0.33886
historiske	-0.17983
drøm	0.58988
friske	0.61775
mail	0.84797
boligprisene	0.05425
utgavesjef	-0.46126
prosjekt	0.21051
tiltak	1.64391
investeringer	-0.11197
kanalsjef	0.00000
roma	0.38806
skog	-0.06568
nav	-0.50444
lyktes	-0.01047
åpent	-0.32056
retter	4.63587
rettes	-1.06253
stefan	0.28561
rettet	-0.12768
raskere	0.60131
filmene	0.09354
diverse	-0.12871
økokrim	4.35125
stjal	-0.99505
involvert	-0.08570
koster	0.94838
kostet	-0.19463
spissen	0.90028
koste	0.20500
skjøt	-0.01652
sikte	0.06687
sammen	2.51488
ifjor	0.05332
satser	0.83031
nord	-0.03251
rana	-0.16674
glede	3.82370
satset	0.18144
kvalitet	1.21239
asle	0.43025
nært	0.26446
hønefoss	0.30686
bunnen	-0.18394
pensjon	0.59019
varsom	0.00000
husker	0.34393
nære	0.43977
tegnet	0.17768
politifolk	-1.07450
treneren	1.09999
retten	-1.82246
søgne	-0.76530
banken	0.83440
erklært	0.00000
søk	0.02794
johnny	0.01529
påført	0.00000
påvirke	0.73073
tromsø	-1.13747
lærere	-0.51466
banket	-0.01330
sør	-2.00052
banker	1.18297
veksten	0.04489
praktisk	0.45461
miljø	0.49678
besøkte	-0.36759
petersen	-0.33692
september	-0.20560
forventet	-0.09662
fengsel	-1.11775
forventer	1.95597
privat	0.36042
styrtet	-0.75446
medisiner	-0.99125
kvadratmeter	0.20059
treffer	0.13141
bolton	-0.30251
club	0.21259
populært	0.37711
europa	-0.36091
lykkes	0.87145
plusone	0.00000
brukere	0.04212
virkeligheten	0.58140
rart	0.64684
pakistanske	0.00000
angripe	-2.43100
båter	-0.29557
egon	-0.82927
omfatter	1.08412
amerikanere	-0.45934
camilla	0.08373
krevde	-0.76770
båten	-1.41154
musikken	0.97533
danmark	-0.07731
trekker	1.30950
trekkes	-0.05039
none	0.00000
begynnelsen	0.16155
overlevende	-0.82766
bestemmer	1.15910
jonas	0.47029
ulike	0.68739
liter	0.60533
pådro	-0.36196
blad	0.03776
kalle	0.89652
innrømmet	-0.68049
liten	2.79489
innrømmer	-0.01571
kvinne	-0.45805
madonna	-0.18154
hjemmelaget	5.55546
fornøyd	6.37569
arrangement	0.45028
inntil	0.08000
frankrike	2.68572
stilte	0.32740
butikken	-0.05935
butikker	-0.00184
anmeldelse	-1.59959
sommeren	1.35290
høyt	2.28039
risør	0.00000
guiden	0.00000
næss	0.14690
bayern	-0.13100
arild	1.53576
marit	1.48089
formann	-0.07680
tenkte	-0.72613
valgkamp	0.16715
fylt	0.06400
åmli	0.00000
skrå	0.00000
advarte	0.00000
effekt	1.00223
ciljan	0.23382
skremmende	-0.78741
fyll	0.00783
fortalte	-0.31220
organisert	-0.60263
annonse	1.99151
kursen	0.03540
totalt	0.72306
semifinale	0.39682
problem	-0.08847
drillo	0.89031
daily	-0.24724
nesten	2.37258
mye	3.59682
ambassadør	-0.56847
totale	-0.06268
rask	1.61073
festen	0.07061
utvide	0.05707
høye	0.56599
festet	-0.17605
kalkulatorer	0.00000
bokmerke	0.00000
utspill	-0.76881
deretter	0.09681
nyhetskilder	0.00000
behandle	-0.49144
knutsen	0.85337
tradisjonelle	0.26413
seieren	1.70634
nye	0.42200
uefa	0.00000
romania	-0.38388
sittet	-0.20792
mottok	-0.30053
enklere	1.27651
sitter	0.95786
eksperter	-0.69159
engelsk	-0.36720
jakt	0.22587
jones	-0.22231
domstolen	0.00000
hillary	0.00000
avdøde	-0.74790
hovedstaden	-0.35250
richard	-0.22892
slags	1.00687
gazastripen	0.00000
begrenset	0.01442
california	-0.05192
juridisk	-0.41045
igjennom	0.89385
artikkelen	0.51818
hovedstad	-0.85191
tenker	3.21164
avisene	-0.31633
inne	1.34038
livstruende	0.00000
burde	1.91088
halvtime	0.55463
reklame	0.37392
stukket	0.00000
østlandet	-0.64722
kokain	0.00000
forsvaret	-0.32073
hetland	0.50047
forsvarer	-0.30257
snakker	0.88113
israelske	-2.36620
monica	0.02914
snakket	1.75602
eva	-0.16420
statssekretær	-0.20927
formiddag	-0.68709
brannvesenet	-0.52007
belgia	-0.29315
lenker	0.00000
eus	-0.66702
teletilsynet	0.00000
lofoten	-0.04175
stemme	1.27056
alkohol	-0.19922
oljen	-0.24035
drept	-2.52458
avhør	-1.25623
hverken	0.46401
ifølge	-3.39734
egne	-0.50099
young	0.22044
selger	0.34985
selges	0.18999
drepe	-1.07179
andelen	-0.69154
finnmark	-0.10581
svenskene	-0.35615
tvert	0.84507
tvers	-0.72656
mening	-0.22676
randi	0.16612
skritt	2.62584
lokalt	0.49107
angrer	-1.61972
stemte	-0.64945
regjering	-0.18118
epa	0.00000
solli	-1.32691
angrep	-0.26422
feire	0.35940
skifte	-0.06658
svekket	-0.77885
soldat	0.00000
rbks	-0.05391
kalte	-0.60266
tenkt	-0.00609
morten	1.92319
foreta	-0.20483
håkon	0.32883
avdelinger	0.00000
vest	-0.16565
gården	-0.01528
borte	0.51051
ntb	-3.32302
kjøp	1.32734
sjansene	0.28542
skrive	0.59041
wenger	0.48171
drepte	-1.50860
alder	0.73590
lokale	1.08321
nordmenn	0.35064
følelsen	0.37771
følelser	0.85908
grønne	0.49931
nsb	-1.13655
fersk	0.17567
www	0.00000
signert	0.16547
politikere	-0.74743
forsiktig	1.05923
hvilket	1.64837
spansk	0.44755
dnno	0.34208
voldsom	0.17025
knuste	-0.31791
nrk	-0.82012
opplyst	-0.46274
verk	-0.23838
måtte	0.12018
sikre	1.61186
enkelt	3.24765
regnes	-0.01030
regnet	0.03223
regner	1.34212
ofrene	0.00000
tenke	2.43129
sverre	-0.04361
general	0.00000
valgt	-0.06864
gerrard	0.53886
spurt	0.61465
egil	0.49197
tillatt	-1.66316
reaksjon	1.81945
bygninger	-0.60188
milliard	-0.09660
aftenposten	2.02590
direkte	-0.95400
legge	0.83415
industri	-0.11259
eks	0.00000
ishockey	-0.30907
info	-0.68034
mill	0.15259
babybildene	0.00000
klokka	-0.77881
rolle	1.46441
likte	-1.59076
bygningen	-0.90579
kommentere	0.22652
tribunen	0.20426
eli	0.20153
sporten	0.31014
faren	-0.72721
noe	0.07275
føreren	-0.65765
kommentert	-0.70249
nok	3.45924
krone	0.02231
nøyaktig	0.80782
everton	0.01829
problemet	-1.13193
problemer	-1.79699
solid	2.43595
nor	0.00000
slapp	1.91126
merkelig	-0.46393
nov	-0.96873
utvist	-1.33277
skadde	-1.04324
kypros	0.29556
mann	-1.04380
aldri	1.94028
reaksjoner	0.06159
halvår	2.26972
hittil	0.74684
bystyret	-0.29875
folket	0.64513
legen	-1.88885
forfatter	0.08688
leger	0.11714
turneringen	0.45439
universitetssykehus	-0.86588
nettmøter	0.00000
arafat	0.00000
mistenkt	-1.53642
kundeservice	0.69945
inge	0.88677
kristin	0.32063
skaden	0.03785
egen	0.45292
skader	-1.03162
krisen	-0.70631
pressekonferansen	0.21558
skadet	-2.58746
aksje	-0.37120
fotballforbundet	-0.20987
keeper	7.89100
skje	-0.15510
midnatt	-0.39269
eget	-0.91433
ranet	-0.51478
bedrift	2.88060
venn	-0.20376
grepet	0.27611
sharon	0.00000
fotballforbund	-0.14931
bagdad	-1.52421
offshore	-0.20658
vekt	3.58381
annen	0.84487
konklusjon	1.54692
egg	0.64660
skip	-0.46614
moderne	2.26963
detaljer	1.00974
partier	-0.50103
nødvendigvis	1.29119
vekk	-0.09386
arbeidsplasser	-0.05886
partiet	-0.67497
meningsmåling	-0.82625
aamodt	-0.39904
bildeseriene	1.29526
maritime	-0.27528
annet	0.27147
fotballen	0.35128
venner	2.32957
vondt	-1.49164
terrorister	0.00000
asylsøkere	-0.65733
mark	0.38138
opprettet	-0.57048
mari	0.07429
behandlingen	0.52336
forhandlingene	0.15158
mars	-0.47723
velg	-1.02123
hyggelig	11.62103
dekning	-0.04352
verktøy	-0.99492
rolig	0.83089
beboerne	-0.31704
fungerende	0.57105
pettersen	0.21877
vurderes	0.20298
høring	-0.51382
alderen	0.28869
vurderer	0.08551
lykke	0.98245
fløy	-0.08659
restaurant	6.84252
mobbing	-0.68432
unødvendig	1.45276
eksploderte	0.00000
lærerne	-0.71788
semifinalen	0.38919
vinden	-0.70844
tyrkiske	0.00000
premiere	0.04064
vakkert	-0.78898
flertallet	0.08443
skryter	2.32466
æren	0.28527
forventninger	0.43956
spesielle	0.86091
gaten	-0.17258
prøve	3.51133
solgt	0.30629
prøvd	0.03638
innbrudd	0.00000
egypt	-0.81415
tider	0.58787
blod	-2.03296
tiden	1.28184
solheim	1.03067
sannheten	-0.06087
stjernen	0.48838
fastslår	0.75919
medisinsk	-0.40132
åringen	0.13057
stjerner	0.56096
kristne	-0.48973
total	-0.35924
torstein	-0.05628
fisk	2.52035
selskapene	2.06075
ferdig	2.91683
frem	1.36276
demokratisk	0.00000
snitt	-0.01420
indre	-0.22700
fred	0.18883
ødelagt	-1.10547
avlyst	-0.77118
amerikanske	-1.20604
comeback	-0.85807
kronikk	0.23271
johansen	0.68153
tønsberg	-0.46215
arrestert	-0.69181
snart	0.69240
hollywood	-0.06951
gis	-0.12742
produsent	0.44513
gir	2.37618
sikker	2.37695
tredjeplass	0.55258
godset	-0.57433
øyslebø	0.00000
normalt	-0.66676
produseres	0.78403
wbr	-0.69707
sanger	0.53903
flyet	-3.29483
oppgaven	0.68140
oppgaver	1.03869
stige	-0.31800
synd	0.10382
positivt	2.67797
kritikken	-1.31713
midt	1.16304
barnet	-0.70068
sand	0.26390
sang	2.64552
syns	-0.03142
bærum	-0.29194
skyter	-0.02218
web	0.00000
kanalen	0.15489
systemet	-0.87822
bård	0.82052
sank	-0.51976
serie	0.26239
sant	1.07299
kanaler	-0.31873
åringer	0.35346
vinner	0.41887
johnson	0.15787
promille	-0.69490
skutt	-0.27891
opplysninger	0.24439
syke	-0.70044
farsund	0.00000
deilig	6.89656
simen	0.42878
medlem	0.25337
råvarer	-0.36598
enorme	-0.12280
mike	-0.22793
stortingets	0.43915
who	0.00000
dreier	0.36917
innebærer	0.55283
pause	5.66728
bredt	0.53743
vannet	-1.30855
lederne	-0.26463
underskudd	-1.02656
tangvall	0.00000
feiret	-0.05553
feirer	-0.26397
velgere	-0.69365
forklarer	1.94290
påsken	-0.40266
samt	2.40869
frie	-0.22868
enormt	1.39690
salg	0.89838
kundene	0.46226
aksjonen	-0.74977
brede	0.63039
oppførsel	-1.05362
stakk	-0.10112
hjemmebane	-0.07181
fyller	0.27818
stolte	0.53585
filmanmeldelser	0.59594
aker	2.20512
etterforsker	0.00000
utfordrer	2.42915
område	-0.11139
betyr	0.40251
foreløpige	0.00000
åstedet	0.00000
odd	1.69208
hverandre	1.89195
evne	0.84035
salt	3.99028
kinesiske	-0.69283
stockholm	-0.34430
irakiske	0.00000
former	0.06292
løslatt	-0.89760
redigere	0.00000
barnas	0.06830
typen	0.43813
england	-0.24995
leverer	0.22594
style	0.00000
greier	-0.29484
formen	2.80544
sider	0.70506
bygger	0.58441
leveres	-1.18136
bygges	0.12953
typer	0.19520
bygget	0.07553
utdanning	0.29527
nede	-0.56347
flyene	-0.52747
nyhetsbrev	-0.08023
våren	0.28073
lørdag	-0.68084
billig	2.29634
medarbeidere	0.21219
libya	0.00000
mente	0.02343
stilt	0.45375
rederiet	-0.33701
stand	-0.30502
papirutgaven	-2.03939
regjeringens	1.05656
greide	-0.34394
ekspert	0.32062
ragnhild	0.18688
tanken	1.01008
markedet	0.52764
taliban	0.00000
akkurat	2.68420
tanker	0.84253
styrket	0.16645
thailand	-0.57610
førde	-0.25439
reisetips	2.07600
stian	0.57921
tungt	0.16646
lagene	0.30133
forsøkt	-1.34658
halvparten	-0.39582
pasientene	0.39801
utarbeidet	-0.01434
tunge	0.52673
ekteparet	-0.09113
tiltalt	-0.92038
personene	-0.45524
mørke	3.24642
ring	3.22634
vladimir	0.00000
opdal	0.16977
opplevd	-0.82215
oppleve	0.74923
flotte	1.18842
banen	2.31354
gunnar	2.42239
museum	-0.33347
homofile	-0.77731
hverdag	0.27170
dømme	-0.01159
kunst	1.05120
utløste	0.00000
islam	0.00000
vedtaket	0.51383
erstatte	0.33428
styrker	-1.85207
skjønte	-3.11731
storslett	0.00000
styrken	0.06432
posten	2.01107
bekymret	-1.16005
natten	-0.48864
nasjonale	-0.18396
talent	0.81850
handel	-0.05600
døra	-0.13606
prøv	-0.12473
drammen	-0.02249
fylke	0.92013
vestfold	-0.40323
jackson	-0.73065
besøkende	0.11720
tiltale	0.00000
måter	1.18961
kulturhus	0.00000
måten	0.93935
dollar	-1.63712
slippe	0.40142
kjæresten	0.10532
sjøen	-0.26468
kjempe	0.84442
korte	0.12591
uttalelser	0.33711
rekorden	0.28019
interessen	0.46180
spanske	0.02697
representerer	0.70014
interesser	-0.03016
undersøkelse	-0.73278
forbeholder	0.00000
hytte	0.21895
sigurdsson	0.25275
håvard	0.54131
grunnlaget	0.35631
hytta	-0.04830
konstaterer	-0.28910
masse	3.16634
hangeland	1.14318
finanskrisen	0.18158
rød	0.31261
fylle	0.20626
nasjonalt	0.04060
uttalelse	-0.61303
søndagens	-0.07244
etterkant	-0.50944
mesterskap	0.99203
molde	0.74195
syntes	3.76849
cirka	-0.03676
rødt	-0.02710
yngre	0.29590
praksis	0.75320
synlig	0.47321
kjersti	0.38871
lederen	-0.06109
omkom	-0.58688
røde	0.43710
kampstart	0.00000
tokyo	0.00000
hagen	1.24049
idol	-0.37869
steget	0.45439
portugal	2.64694
jarle	-0.11263
flink	1.16048
tåle	-0.34169
tilsier	0.42291
hammerfest	0.00000
russlands	0.00000
produsere	0.17081
konsert	0.53921
frps	-0.76824
nummer	0.88012
betinget	0.00000
liker	3.16933
produsert	0.34778
satt	-0.25210
presenterte	0.04777
bør	-0.69057
toppserien	-0.52331
brudd	-1.03647
lagets	0.28591
armstrong	0.03362
clinton	0.05759
evakuert	-1.28339
imot	1.26736
bilder	-2.27249
lettere	1.12675
bildet	-0.27831
ungdommer	-0.35495
rise	0.98721
velgerne	-0.12807
inngår	-0.22444
øynene	0.31619
driver	-0.19103
muslimer	-0.86886
dialog	4.30650
vinne	2.54859
savnede	0.03221
heidi	1.59931
ulykke	-0.79446
roald	0.28835
solveig	0.30035
standard	0.15154
tsjekkia	-0.19971
arne	0.64445
arna	0.00000
tåler	-0.05230
israels	0.00000
hoven	0.00000
prins	-0.76499
avslører	0.10540
erkjenner	-0.41082
målet	2.24935
foreldrene	-1.17762
rita	0.00000
seinere	0.02640
dobbelt	-0.32273
handle	0.77095
tipping	-0.42457
mattilsynet	-1.99498
aktivt	0.34576
lure	0.49083
familien	1.09799
byene	-0.52459
lovende	1.30856
framover	0.99581
slipper	0.36952
kutter	0.00000
ekstreme	-0.06110
kuttet	-0.32432
byens	0.28013
aktive	0.08305
hjertet	0.21310
registrert	1.57376
johansson	1.37752
endt	0.50356
timers	-0.07595
drøye	0.52035
fyr	4.09712
sveriges	-0.39142
organisasjoner	0.17096
sentralt	1.08040
ekstremt	0.05637
sikkerhet	-0.15863
sentrale	0.41928
organisasjonen	-0.13769
haga	0.85267
rimelig	1.56860
centimeter	0.18061
ende	0.25953
london	-0.38579
ganske	4.28440
leverte	0.45893
yngve	0.21669
statsminister	-0.42634
forståelse	1.09608
enda	0.53582
statoil	1.38976
kjevik	0.00000
frå	0.36243
eksempler	0.61821
fvn	0.00000
pleier	0.14530
digital	0.45302
startside	-0.18760
midtstopper	1.82704
motor	0.50742
drøyt	0.25975
festival	0.11023
palestinsk	0.00000
svalbard	-0.80377
klubben	3.51065
bærer	0.06897
noensinne	0.43325
klubber	1.83124
tingretten	0.00000
beslaglagt	0.00000
news	-0.43109
triksevideo	0.00000
mangel	-2.39404
bidratt	0.30580
steffen	1.03834
kvinnens	0.00000
næring	-1.36596
skyld	-1.26697
offentlige	0.20214
rakk	0.32179
mulig	0.51573
følger	0.74523
offisielt	-0.57066
krysset	0.24154
kvinnene	-0.51920
kontakt	0.03570
dømt	-0.62942
taket	-0.04404
løfter	-0.64936
aller	2.92031
scorer	0.14142
kongsvinger	0.36580
bransje	0.00000
scoret	4.16427
kodeord	0.00000
kontroll	-0.28811
faller	-1.23632
politidistrikt	-1.25183
løftet	0.11253
påtalemyndigheten	0.00000
flyktet	0.00000
etiske	-0.08805
arrangert	-0.01314
spørsmål	0.72180
size	0.00000
tallene	1.57957
såkalt	0.33591
høgmo	0.66146
varslet	-1.49091
varsler	-1.45791
minne	-0.00828
gjennomføres	-0.05636
inneholdt	-0.68567
samfunnet	0.34472
oppsiktsvekkende	-0.29139
perfekt	3.71070
farlige	-0.45827
endringer	0.42845
formue	1.27569
nett	-0.88290
tabeller	0.00000
fre	0.00000
fifa	-0.78539
kandidater	0.35722
tabellen	1.68314
dumt	-0.39721
fri	0.69853
løsninger	0.83763
beskyttelse	0.49385
opplyser	-1.08065
demonstranter	0.00000
fjernet	-0.65364
motta	-0.19337
deltar	0.06395
arve	-0.01399
hvorvidt	1.04801
brukt	0.45932
ryan	0.29693
fører	0.17591
ellers	3.22158
sydney	-0.25853
løsningen	0.93902
nestleder	0.27072
nsson	0.00000
friidrett	-0.91674
stanset	-1.33625
nest	-1.00784
verdenskrig	0.00000
jenter	-0.15028
veiene	-1.38694
lufthavn	-0.71526
astrid	0.14137
ove	-0.10760
kommet	0.13153
endelig	1.51327
marte	-0.63590
lurt	1.11827
kommer	1.76473
utvalg	0.00919
bundesliga	0.52660
ekspertene	-0.09161
frp	0.52964
dyrere	0.23479
populære	-0.73098
rike	0.06052
html	0.00000
supporterne	6.07323
byremo	0.00000
via	0.72244
tjeneste	0.02073
diskuter	0.05881
evje	0.00000
kortet	0.15672
fikk	2.12013
vindu	0.00000
nederlag	-0.10906
punkter	0.02991
krasjet	-0.38887
mener	-2.57841
seksuelle	-1.18061
norges	-0.27376
kvinner	-2.09759
vik	0.33951
publisert	-2.97841
vin	6.22049
trodde	2.05476
seirer	0.72183
eliteserien	0.04403
velge	2.14558
tillatelse	-0.61522
råd	0.50406
førte	-1.33897
kvinnen	-1.94291
journalist	1.74098
tilstrekkelig	0.97903
vif	-1.48078
plassene	0.73082
glad	5.45293
glemme	-0.07732
suksess	3.26711
tydeligvis	-0.08105
jobben	2.81005
kraftige	-0.27289
vis	1.10982
jobber	1.29585
styre	0.97781
jobbet	2.09713
museet	-0.24025
kronprins	-0.34583
færre	0.21704
inntektene	0.13048
skaalmo	0.00000
takke	0.34938
cuba	0.00000
villig	0.89832
selskapets	1.98106
innsatsen	-1.36771
enkle	1.44152
høybråten	-0.50451
enig	0.93546
ord	1.30695
innom	0.49411
pressen	0.36262
aktor	-0.48157
haugland	0.08447
norway	-0.01226
fvntv	0.00000
braathens	-0.91117
stoler	-4.43708
presset	-0.17727
ansikt	-0.14525
jevnt	0.93269
politiadvokat	0.00000
videre	1.07096
stående	0.06427
brent	-0.36917
døgnet	-0.27220
india	-0.21059
boligmarkedet	-0.28993
motsetning	0.28486
iveland	0.00000
beløpet	1.07294
skyte	0.26609
fns	-1.20858
united	3.67857
kaste	-0.31225
haakon	-0.07490
gifte	0.00000
avgjørende	1.19677
dessverre	0.98101
skille	-0.11461
carew	1.96340
article	-1.32153
heldig	9.00347
kapital	0.43437
snakk	0.59555
fall	0.22196
intervjuet	-0.25262
intervjuer	-0.37552
eksisterende	0.02416
samboer	-0.22676
nyttig	0.44515
skeptisk	-0.18287
ola	0.27842
falt	-3.17265
old	0.38537
klær	-0.33533
rekdal	0.85147
sjef	0.35974
stortinget	-0.88549
sommer	2.07991
valencia	-1.30820
elsker	0.89936
ole	1.85340
utbygging	-0.32656
audition	-0.60865
aftenbladet	0.27420
lund	-0.68517
grand	2.11126
meget	5.01206
positive	0.14448
korea	0.00000
aktiv	0.86748
midten	0.69989
enkel	4.80558
profil	-0.08605
omsetningen	0.26622
sørget	0.51167
finn	0.47809
såret	-1.89305
trykk	0.25704
global	-0.48402
gjedrem	-0.13758
fint	6.82449
lettet	0.32053
tung	-1.74176
makten	-0.99376
flo	0.70734
sørger	0.63801
sparebank	0.29318
døde	-2.53559
fly	-0.90253
program	0.79234
avslørte	-0.46117
west	0.60815
okt	-0.20534
roser	0.74176
oksøy	0.00000
stoffet	2.70261
telefax	0.00000
utelukker	-0.19949
henger	-1.24361
fans	0.15029
fant	-1.34939
lista	0.20955
fin	11.64969
beklager	-0.96353
liste	0.22662
oppdaget	-1.69045
nådd	0.08386
båt	0.30563
larsen	1.25123
toska	0.00000
von	-0.06646
palestinere	0.00000
ljosland	0.00000
york	-0.71049
døgn	-1.12079
takle	0.02955
widget	0.00000
fine	9.75748
umulig	-0.41028
sarpsborg	0.12404
film	3.11129
brutt	-0.05670
sandberg	-0.25059
silje	2.16744
minutt	0.43838
henriksen	0.47225
nasjonal	-0.36682
katastrofe	-0.63370
australske	-0.30264
familier	-0.39358
inkludert	0.24528
åring	-0.44178
bekrefte	-0.34672
utfor	-0.35760
tillit	0.09784
sesonger	0.68702
industrien	-0.08640
sørge	1.37202
sesongen	5.07874
onsdagens	-0.00315
flaks	-0.41548
trente	0.32715
wien	-0.21053
utsatt	-1.21477
styrke	1.81807
informert	-0.77883
svensken	0.13559
påpeker	1.28106
linda	0.32751
kontrollen	-0.74425
håndball	0.26616
vgs	-0.24511
beste	5.82913
time	-0.23627
barn	-1.27682
lufta	0.21981
periode	1.03230
sjanse	2.35309
mulighetene	0.36420
løfte	0.10217
nordland	-0.41936
spennende	8.66502
komme	1.19064
video	-0.70772
menneskene	0.04651
annonsering	0.00000
frihet	0.03212
bortsett	0.03496
gjerningsmannen	0.00000
fjerne	2.46710
vender	0.16157
utforkjøring	0.00000
viten	0.00000
svolvær	-0.39565
tine	0.10738
felles	1.43567
ting	2.36509
politistasjon	-0.80813
alex	-0.95778
artig	1.37972
måneders	-0.79305
gunnerus	3.28576
trodd	0.28482
politiets	-1.04533
synger	0.19193
prinsesse	-0.38971
maten	0.06445
hanssen	0.35862
vet	1.20320
musikkanmeldelser	0.00000
sosiale	0.25818
forlag	0.18196
feltet	2.53543
scenen	1.71930
skattelisten	0.00000
produksjon	0.18076
står	1.44218
nettprat	0.00000
setter	2.37748
klepp	0.26565
behandling	0.60930
vidar	-0.06165
utvikle	2.71737
gøy	3.62644
førerkort	0.00000
kongressen	0.00000
maskin	0.65217
sporet	-0.23794
vei	1.12436
vel	3.57046
palestinerne	0.00000
hove	0.00000
riise	0.63363
spillerne	2.89065
bussen	-0.84338
utstyret	0.05802
hægeland	0.00000
stedet	-0.66409
steder	-0.12975
komit	0.00000
målene	0.29258
sparket	-0.61612
angrepene	0.00000
sparken	-2.68510
bane	-0.22855
forhandle	-0.24365
gjennomførte	-0.10361
aftonbladet	-0.66937
lokaler	0.09991
band	2.70437
pinlig	-1.03352
kritiske	-0.91649
fatt	0.35484
bank	1.53570
firma	-0.19828
månedene	-0.26419
benytte	0.35694
fotoalbum	0.00000
kapteinen	-0.05678
settes	0.27837
fordel	1.11416
dag	0.36794
antall	1.82397
rally	0.36446
flyktninger	-1.22407
forbudt	-0.90496
definitivt	0.39968
hentet	0.14769
lesernes	1.63454
dan	0.08724
øyeblikket	0.73711
henter	0.29339
mengder	-0.80133
jorden	-0.28423
fast	0.40491
skuffet	0.26852
gård	-0.33737
cultiva	0.00000
møttes	0.07335
tjenester	0.01354
van	0.33148
albumet	0.24985
hopp	-0.02804
bill	-0.24886
tjenesten	-1.11549
talt	-0.09182
kari	0.15094
fare	-0.91425
innledet	-0.26308
avviser	-1.06984
foreløpig	0.05165
sesong	3.60956
undertegnes	-1.70844
ventet	-1.72533
kart	0.82141
lag	2.72193
uenig	1.04599
venter	0.59550
tale	0.47416
ventes	-0.44780
kontor	-0.21308
tvnorge	-0.05790
fart	1.02177
karl	0.22234
lar	-0.29879
kristoffersen	0.32796
tall	-1.21196
orkla	0.22779
tilfeldig	-0.05467
lav	0.32775
april	-0.12674
årlige	-0.05306
hjemmeside	0.50717
kontrollere	0.15694
avstand	1.19001
rådet	0.05196
vokser	0.68864
nylig	0.58232
photo	0.00000
voksen	1.16558
varmt	0.46659
åge	19.69354
klassiske	0.75798
ansvarlig	1.79174
kronprinsen	-0.01754
folks	-0.47785
rommet	-0.07472
kollisjon	-1.13790
gått	-0.53311
veltet	0.00000
styreformann	-0.15498
rødgrønne	-0.54011
ressurser	0.82202
blodig	0.00000
takk	5.19833
lider	-0.99548
cup	-0.09930
aust	0.00000
bedriftene	-0.31150
varme	2.75251
temaet	-0.08772
artikkel	-0.86775
kvinnelige	-0.13465
greie	0.42706
åpenbart	0.73238
føles	2.17049
tweet	0.00000
føler	3.66922
risiko	0.52847
frivillig	-0.15666
sviktet	-0.93227
jordan	-0.41900
bytte	-0.48498
barnehage	-0.77821
hold	-4.33889
følge	-1.22370
holde	1.59470
vitne	-0.53585
styrte	0.68014
kirkens	-0.36324
munnen	0.02214
prisene	0.33406
frist	0.00000
midlertidig	-0.59370
forteller	2.08398
øvrige	0.53137
historie	0.38198
http	0.00000
jesus	0.16662
fredag	-0.91810
arkivfoto	-0.50203
forkant	0.70749
frisk	5.45386
holdt	0.72984
raketter	0.00000
generasjon	0.37947
gasellene	0.00000
unna	1.81737
tape	0.59561
visepresident	-0.23370
svein	1.89624
uregistrert	-0.01894
mannskap	-0.05116
fritt	-0.84468
quiz	1.06416
minner	0.90686
årsberetning	0.00000
holm	0.37620
senterpartiet	-0.31318
tapt	-0.17249
flyttet	-1.23281
kvinlog	0.00000
flytter	0.06053
linje	0.59408
serbiske	0.00000
trussel	-0.13992
xbox	-0.26670
teknisk	0.47722
lyder	0.11126
kontoret	0.02079
vegusdal	0.00000
petter	0.21128
østfold	5.69478
fjerde	0.92624
psykisk	-0.09734
valuta	-1.32533
avisenes	0.09043
kunnskap	1.27112
politimann	-0.87680
kjente	1.43629
sykehuset	-2.22927
sykkel	0.15071
gruppene	-1.22237
talsmann	-1.10700
helgen	0.43397
spilleren	1.80122
arkiv	0.25151
undersøke	-0.57931
firmapost	0.00000
informasjonssjef	0.11958
befolkningen	-0.01249
herefoss	0.00000
muligheten	1.84947
tapte	-1.66148
skriver	-2.64774
antallet	-0.35564
staten	0.23199
twitter	0.16749
forlot	-0.19129
hoff	0.26027
trafikk	0.00257
idrett	0.64217
hjemmet	-0.07225
kommentar	0.55366
miller	0.47673
henholdsvis	0.20650
års	0.30991
minus	1.85878
etterforskning	-1.15698
sinnes	0.00000
anledning	2.75452
henning	2.03086
volden	0.00000
stavanger	-0.04737
escenic	-0.30960
åra	0.13403
ukjent	0.01653
undersøkt	-1.10548
politikerne	-0.09238
kjøring	0.53946
muligheter	2.60236
livet	-0.26266
antatt	-0.15405
akershus	-0.41875
hensyn	0.44801
krav	0.85336
fjellet	-0.45310
forskjell	0.99822
dyreste	-0.14266
informasjonen	0.80001
matre	4.67712
tatt	-0.21042
hendelser	-0.06622
skipet	-1.32449
kritisk	-0.45344
nedgang	-1.62652
hendelsen	-1.77419
oppdrag	-0.02213
skiftet	0.25210
medisin	-0.34451
eksplosjon	0.00000
utlandet	0.58448
året	0.87789
tiltakene	-0.15999
julaften	0.22391
italiensk	0.14087
tilbudt	-0.10285
alta	-0.82930
minst	0.04496
resultatet	-0.06250
arabiske	0.00000
resultater	1.18745
varer	0.47335
plakatens	0.00000
greit	2.65001
voksne	-0.83952
bandet	1.39395
glimrende	9.91663
dramatikk	-2.34452
kvinnelig	-0.66665
tips	-1.32791
tidspunktet	1.08663
økte	1.41252
heldigvis	-0.71491
navnet	0.81055
kjenne	0.79748
overbevist	1.76320
hund	-0.09064
handlinger	-0.63393
forsøkte	-1.61438
treningen	0.45357
bomben	0.00000
bomber	0.00000
ivar	-0.77648
aktuell	1.05442
kommunens	-0.50423
trolig	-1.04615
feeder	3.71245
oppgave	1.07826
avviste	-0.81915
portefølje	0.00000
aktuelt	0.69153
riktige	3.04943
hunden	0.06390
alvor	0.44126
kommunene	-0.18545
models	0.00000
kundesenter	2.20371
hunder	-0.10166
utsikt	0.68838
professor	-0.75514
los	0.07491
lot	0.40360
modell	0.50297
lov	-0.54102
hotellet	0.07884
telemark	-0.46934
tross	0.47648
unge	1.53180
måttet	-0.67182
jørn	0.29157
studenter	-0.47889
datteren	-1.56747
mindre	-0.09170
usa	-2.05784
jagland	0.67097
skolen	-0.49242
måneden	-0.08437
forsikrer	0.64040
stykker	0.41647
oslo	-2.12429
kunnet	0.18607
baby	0.00000
verdens	-0.00138
ekteskap	-0.60604
avgjort	0.89008
holder	2.24667
holdes	-0.18447
fryktelig	-4.73285
konklusjonen	-0.60436
uavhengig	0.55466
back	1.31788
ute	1.20376
alexander	1.73007
situasjon	-1.43717
rosenborg	2.60914
nekter	-2.36100
stabil	0.28604
nektet	-1.26002
cnn	-1.26628
brødrene	-0.03335
johannessen	-0.42692
måneder	-0.06799
skoler	-0.62493
jensen	1.01623
smak	6.48285
planene	1.76474
laveste	-0.34290
regionen	-0.23200
ettertid	0.66881
skudd	0.24009
com	0.00000
oppfatter	0.24569
smil	0.93685
kjendiser	-1.19156
kabul	0.00000
bedriften	0.06911
sports	0.81171
korrekt	2.60525
treffe	0.41445
hente	0.58115
oppfattet	-0.65333
bryter	-0.30846
landslagssjef	0.30355
resultat	0.38348
troms	4.70214
robin	-0.01270
bedrifter	1.64946
innsats	0.70379
foreslått	-0.27320
ntnu	0.01990
presentert	0.09219
lsk	2.02171
select	1.24972
forhold	-0.83040
karin	0.11709
sykehusene	-0.86077
oppfordrer	-0.26681
innflytelse	-0.61028
oppfordret	-0.59702
eiere	0.19947
ålesund	-0.94701
bøker	0.50273
forklarte	-1.34613
flertall	-0.01505
fredrikstad	-0.56763
uro	-0.37987
prisen	3.55235
sammenlignet	1.97726
amerikanerne	0.00548
gjør	1.91114
trond	1.32653
priser	0.78197
sukker	0.13259
presseskikk	3.74421
plutselig	-1.35346
dramatisk	-0.53923
christer	0.21848
russisk	-0.79733
løpet	0.35045
scanpix	1.23125
løper	1.63670
tilhengere	-0.62636
hull	-0.21721
holmer	0.00000
henry	0.15063
kraft	0.84543
verden	0.16054
øverst	0.57218
kutte	-0.16344
utenriksdepartementet	-0.79544
utland	-1.29959
dagen	1.04064
sportsdirektør	0.86672
klaget	-1.30781
blair	-1.00165
dager	0.09292
klager	-1.19038
juryen	0.30835
lunde	0.49427
bodde	-0.07538
ambisjoner	0.93520
uansett	1.32214
skaffet	0.49236
berntsen	0.40375
kritikk	0.77810
ender	-0.27850
voldtatt	-0.94886
person	0.97653
selve	0.03214
igjen	1.86996
karriere	0.23238
skolene	-0.78528
klokken	-1.39524
kjæreste	-0.10691
tilknytning	0.69435
svakere	-0.38160
fjor	0.27213
einar	0.56916
million	0.12810
stopper	-0.02898
soldater	-1.16564
årst	13.26482
tunnelen	-0.64168
stoppet	-1.63418
fått	1.29501
trafikken	-0.46139
skuespilleren	-0.45595
warrants	0.00000
budskap	0.05086
ung	2.72053
demokratiske	-0.60264
imponerte	-0.91678
krise	-0.97726
trenden	-0.28091
mohammed	-0.08891
godt	5.81613
avhengig	0.62676
sveits	0.37530
bære	-2.46458
funnet	-2.37217
kaos	-1.14617
halvorsen	0.73150
hjelpe	0.21960
gode	6.81750
uke	-0.01685
uka	-0.00473
delstaten	0.00000
tide	0.48465
beredskap	-0.68429
utenlandsk	-0.25237
fortsatt	0.78905
fieldset	0.00000
tida	0.59025
etterbørs	0.00000
ball	-0.96452
anthony	-1.94696
post	-0.60435
vanlig	2.01811
semb	0.27870
les	-4.02146
nettstedet	-0.40928
nettsteder	0.00000
ler	2.47850
grimstad	-0.38343
fremme	0.25275
blant	-0.16106
innbyggerne	-0.62833
fortsetter	1.37959
viktig	2.74993
lei	-0.63333
motstander	0.29159
aksjene	-0.06410
ulf	0.42084
aviser	0.18626
lee	-0.10161
avisen	-0.38454
northug	0.04068
radio	0.10478
selvfølgelig	3.71648
vennesla	-0.55780
ullevaal	0.12457
skjult	-1.78342
utestengt	3.36482
innrømme	-0.41023
takker	0.38097
kamp	3.45727
send	-0.44624
takket	0.73564
anklaget	0.00000
anklager	0.00000
troen	0.30609
sent	-0.53732
vikings	0.45775
optimistisk	0.81253
følelse	1.81488
fotballmagasinet	0.46849
bortelid	0.00000
konserten	0.22927
usikkerhet	-0.41503
status	-0.05379
utslippene	0.00000
kalt	0.01360
konserter	0.10051
junior	1.15907
redaksjon	0.00000
powered	0.53158
ulovlig	-1.27956
fremst	2.34313
svenske	-0.19351
protest	0.00000
vurdert	1.02104
opplevde	0.13997
microsoft	-0.50260
forsøker	-0.93889
perioder	0.02618
perioden	1.24581
vegne	0.67663
vurdere	1.47215
temperaturen	0.29640
onsdag	-0.83115
bardufoss	0.00000
saddam	-0.79320
regler	2.83490
nchen	0.00000
håp	-0.75398
leiligheter	0.11048
bevisst	1.07107
kommuner	-0.84546
hundrevis	-0.71281
startet	-0.66232
leiligheten	-0.09246
klient	-1.05603
kommunen	-0.73923
regimet	0.00000
liv	0.51422
nedgangen	-0.58308
starten	1.70911
anslår	-0.24598
starter	1.15282
fortsette	2.10026
lik	0.52777
spiser	1.12690
opplever	0.87438
lie	1.71538
globale	-0.52715
ungarn	0.14338
ryktene	-0.24243
bror	-0.11491
tror	1.07884
tidlig	2.11741
indonesia	0.00000
avgjøre	0.80409
møller	0.37766
udi	-0.63175
usaklig	-0.11767
endre	0.58134
passasjerene	-1.05634
lesere	0.04371
atle	0.26055
irans	0.00000
øker	0.87163
header	-0.75024
etterpå	0.37542
straffskyld	0.00000
hospital	0.00000
konsekvensene	-0.80697
berre	0.70107
gunn	0.44171
kevin	0.15888
brasil	0.01503
chelsea	-0.07033
danne	-0.29011
mai	-0.38599
fiske	0.18950
write	0.00000
dødsfall	0.00000
mar	-2.08435
nemlig	2.30441
reduserte	0.57267
statsråd	-0.24448
starte	0.73661
may	0.00000
midtbanen	-0.77500
avgang	-0.35397
pengene	0.43057
eksterne	2.31161
mat	4.06392
hovedsiden	-1.26649
mercedes	0.24115
scoringen	0.60944
årsak	-1.25728
bedre	3.83231
starts	4.22406
intervju	0.03786
scoringer	0.76585
vinneren	0.22109
konkurrentene	0.61287
begynt	0.38769
studio	0.42828
tidspunkt	1.29417
ordføreren	-0.05862
gutt	0.44245
valgkampen	-0.52971
ødelegge	-0.69553
juventus	-0.34982
pressemelding	1.68148
tjent	-0.05306
tottenham	0.30070
særlig	0.11491
ytre	0.13531
relaterte	-0.14859
åpning	-0.00745
eieren	-0.27835
konsmo	0.00000
slåss	-0.09053
spiss	1.40144
kjærlighet	0.87587
tjene	0.63716
lyset	0.09729
ramme	-0.09927
tilbud	1.46977
gjeld	0.68457
utgangspunktet	2.32616
oppmerksomhet	2.28283
geir	0.64519
daae	0.00000
interessant	2.61945
oslos	-0.19816
striden	-0.57104
representert	0.03332
australia	0.04635
innbyggere	-0.47621
marcus	0.66129
slått	-0.38424
motsatte	0.23234
bruk	0.83401
island	0.29326
vente	0.93181
endelige	-0.17268
endte	-0.12847
borgersen	0.80813
mer	-0.53538
vedtatt	-0.03841
skjedde	-2.43669
harde	0.25237
internasjonalt	0.70481
reidar	0.00072
olav	0.54241
arbeide	0.10094
festivaler	-1.30122
arendal	-0.32735
selskapet	-0.57834
hardt	0.59905
tegneserier	-0.20462
moland	-0.33444
festivalen	0.16105
møtes	0.18764
slutte	0.27864
danse	0.08417
aksel	-0.00691
møter	1.26487
olaf	0.32591
selskaper	1.60635
årlig	0.50435
forbudet	0.00000
eggen	0.76701
dansk	0.00054
møtet	1.25036
resten	1.89804
daniel	1.22896
børs	-0.96162
street	-0.56705
dyp	0.16566
faktum	0.69470
ellen	0.16491
dyr	-0.04208
hjelp	-0.72958
fullt	1.19188
villa	0.61104
uvanlig	-0.41546
truffet	-0.54250
artikler	-0.88793
vesten	0.00000
avdeling	-0.47351
thoresen	0.44613
utenriks	2.48889
møtte	0.78826
sommerens	-0.15927
skikkelig	2.52787
oppgang	2.45783
investorer	0.05270
forsvunnet	-0.46866
foreldre	0.47516
hodet	-0.01388
internasjonale	1.48770
såpass	0.82901
fornuftig	2.03755
spille	5.25689
respekt	1.39970
ifra	-0.37211
opplæring	-0.42915
fansen	-0.02560
sandnes	0.17265
serier	0.00000
bøkene	0.40107
mottar	-0.11242
elever	0.83711
serien	0.44703
nyhetsoversikten	1.21472
virksomheten	-0.15235
vilje	0.50717
håpe	0.17111
høres	2.14244
nordlie	-0.78919
hører	0.85124
kvalifiseringen	0.79131
bryr	-0.18421
selge	1.06154
null	-1.17805
britisk	-0.52313
opprørerne	0.00000
endret	-0.62539
endrer	-0.02069
lyd	0.34804
fulle	-0.15972
dvd	0.00754
hemmelige	-0.88647
true	0.02678
dersom	-1.85367
stilling	0.08433
mandagens	0.22353
lars	0.27470
innstilt	0.53591
streik	-0.71366
spise	1.36104
strålende	3.18656
gjeng	0.29492
provinsen	0.00000
fordelt	0.18626
espen	0.77905
beina	0.30908
last	-0.68459
poeng	5.59704
oktober	0.18168
terror	-1.08943
samles	-0.07523
manglende	-2.20198
pårørende	-0.36550
gult	0.25144
samler	-0.18833
ganger	0.84218
nivået	0.94210
peker	2.03339
strøm	0.17154
strøk	0.33014
samlet	0.71571
gull	0.15140
simonsen	0.02436
suksessen	0.33056
overleve	0.08863
gule	0.13351
konkurs	-0.77402
lyn	1.00674
lys	0.91391
live	-0.54854
latt	0.36694
regelverket	-0.54401
peter	0.31919
prosentpoeng	-0.49148
stengt	-1.73480
mosby	0.00000
tur	3.39194
spill	3.05546
daglig	1.56603
gerd	0.00000
ære	0.37912
spilt	6.85247
blackburn	-0.12436
statlige	-0.48059
tettey	0.37694
debatt	0.44276
litteratur	0.48924
sikkerheten	-0.61718
stenge	-1.09998
flyplassen	-0.56954
tilskuerrekord	-0.58048
ansvaret	-0.91818
stemningen	0.50281
virker	2.87755
miljøet	0.52229
jack	-0.13321
virket	-1.04733
forsvarsminister	-0.76802
arabia	0.00000
bernt	0.16653
tilbyr	0.24557
litt	6.61815
burma	0.00000
tilsvarende	1.12743
epost	1.03673
generalsekretær	-0.19905
japan	0.18642
år	0.54748
lite	2.21042
husk	1.77197
gårsdagens	0.46045
javascript	0.00000
milliarder	-0.18470
virkning	-0.23447
ideen	0.77424
lavt	0.83113
terningkast	-3.44810
section	0.00000
lave	0.19021
fulgt	0.71559
spesiell	1.19349
navarsete	0.04677
samlede	-0.04608
høy	1.26273
solbakken	1.44113
spesielt	1.78734
olje	0.69029
lise	0.83264
hotel	0.76560
hør	0.08558
eierne	-0.19636
obligasjoner	0.00000
bergens	0.84301
slag	0.72855
gutten	-1.26228
anmelder	0.48584
dom	0.31781
spilte	5.22132
andresen	-0.08122
andreassen	-0.16358
lagt	0.89137
gutter	-0.40400
trent	0.13788
pakistan	-0.94801
bestemme	0.66512
dpa	0.00000
låtene	0.45747
humor	0.40949
direktør	1.39575
utover	0.99788
option	-3.00177
områdene	-0.39216
trene	3.15894
ligger	1.69552
oppgitt	0.53628
ligget	-0.26280
moe	-0.06263
representanter	0.02112
williams	-0.01534
arbeider	2.64003
arbeidet	1.31671
content	0.00000
salget	0.10312
rettferdig	0.29262
mor	0.09179
tro	2.36172
nyheter	-0.11926
kirke	-0.30615
rasmussen	-0.12136
nyheten	0.04801
begrense	-0.21994
foruten	0.69035
trygve	0.12037
frank	2.38099
institutt	-0.69588
søknaden	-0.05574
høre	2.30870
data	-0.14067
farvel	-0.21265
israelsk	0.00000
vakthavende	0.73609
sivertsen	0.20459
åpner	0.87150
åpnes	-0.11747
dna	0.00000
åpnet	0.00632
sportslige	0.97931
hørt	-0.73185
dnb	-0.37013
dato	0.10234
adgang	-0.88032
foregår	-0.00667
historien	-0.12787
uenige	-0.24958
kampene	-0.52183
synes	3.60188
synet	-0.05691
halsen	-0.05010
historier	0.31237
russiske	-0.52498
høst	0.95725
kampens	0.20540
berlin	0.26455
avslutte	0.49225
kenneth	-1.24895
harry	0.40922
natur	0.32225
beregnet	0.04139
asbjørn	0.03879
student	-0.68309
berit	0.90729
flott	7.43059
sæther	0.45196
forandret	0.12953
ranerne	0.00000
krig	-0.80545
finnes	1.34581
finner	2.42358
beslutning	1.79802
width	0.00000
nyhetsbyrå	0.62206
agder	-1.12131
vanskeligere	0.38310
overgrep	-0.75632
bloggen	-0.10363
trener	5.33623
regnskap	0.00000
synge	0.43151
etterforskningen	-0.22921
drømmen	1.06834
alene	2.63418
reduseres	-0.00659
utgiver	1.70961
aksjekurser	0.00000
drømmer	0.12390
strengt	0.30055
kjell	1.02209
hørte	-1.77876
adresseavisen	1.53711
manglet	-1.44981
laks	0.18830
mangler	0.64578
kontaktet	-0.40827
bronse	0.23081
steinar	0.37981
nytte	1.01679
grenland	-0.13680
bestemte	0.42854
berge	-0.08031
teksten	0.20975
tog	-0.90649
land	-1.70768
dramatiske	-0.41644
befolkning	-0.25382
realtidskurser	0.00000
utfallet	0.09359
konkurranser	-0.06034
overført	-0.47155
aalesund	0.31652
alvorlig	-3.43645
lang	2.20713
pent	0.42459
konkurransen	0.99340
sandvik	-0.02391
vesentlig	0.82782
avgifter	-0.23041
dra	1.28869
tom	2.08450
tok	1.86466
kilometer	-0.26672
gjester	0.54742
sokkel	-0.34056
tor	0.31459
deriblant	-0.23816
bred	0.50690
arrangementet	0.21450
dro	0.23409
dans	0.09895
lille	2.63372
trengs	-0.09213
runde	0.77361
inter	-0.13645
stasjonen	0.00000
intet	1.12406
demokrati	-0.35243
kåfjord	-0.50800
trekk	-0.18008
sler	0.00000
sjefredaktør	-1.89677
rundt	0.64299
slet	-0.22929
buskerud	-0.70017
godta	-0.29667
pål	0.27926
forstå	-0.24680
omkomne	-1.52835
sandefjord	0.57435
varetektsfengslet	0.00000
tøff	0.90344
tempo	0.28723
barack	-0.72834
preget	0.10206
sannsynligvis	0.40923
fokus	2.65845
center	-0.46622
tøft	0.82380
anledningen	0.39535
behold	3.88026
anledninger	0.60597
brev	-0.88671
kriminelle	-0.71780
vinduet	-0.22261
skjervøy	-1.39420
privatøkonomi	0.00000
støtte	0.76254
dame	0.28662
hedmark	-0.59428
varmen	0.64396
usikker	0.01458
natos	0.00000
andersen	1.42877
dårligere	-0.46124
tirsdagens	0.22406
middlesbrough	0.00000
david	0.25756
annerledes	0.08852
ledige	0.86095
smell	0.05008
finansminister	-0.34471
des	-0.05891
kino	0.02171
positiv	4.71554
opposisjonen	-0.74079
mister	-0.22385
kina	0.01987
munch	0.00000
mistet	-1.35104
king	0.57202
otto	0.08691
private	-0.27894
solberg	0.31304
strenge	-0.35665
bjørn	1.02213
del	1.58081
tilgjengelig	1.13486
vestlige	-0.82673
kjent	0.79920
mil	0.03325
hæstad	-1.79143
advarer	1.60102
hvit	0.36359
telefonen	1.33320
nordlys	-1.06727
forhånd	0.61450
brenne	-0.20059
plater	0.23100
medlemmene	-0.27867
forbud	-0.83785
etasje	-0.16298
rapporten	0.24237
soldatene	-0.50639
mistanke	-2.47643
rapporter	1.10509
tlf	2.73908
digitale	2.23475
engasjert	0.23904
samarbeid	1.87652
hødd	0.87256
næringslivet	0.43883
jubel	0.07614
historisk	-0.27604
kenya	0.00000
effektivt	0.70250
hjemme	2.27508
marianne	-0.02196
oppgjøret	0.25115
statsadvokat	0.00000
martin	2.03537
korrupsjon	-0.93090
effektive	-2.04832
prøvde	-1.48628
marked	0.01341
franske	-0.25826
øystein	9.38230
høsten	0.92105
nigeria	-0.69537
øl	0.40747
ordentlig	-0.13291
landskamper	0.87257
kilo	1.14865
følte	0.61887
prøver	0.92293
svendsen	0.77997
kommende	0.56313
dahl	0.55035
gutta	0.25709
utøvere	0.27752
forlatt	-0.49115
aksjespillet	0.00000
div	0.00000
hvite	0.26365
expr	0.00000
ordet	0.79044
innlagt	-1.13347
stykke	0.35944
bygging	0.01689
orden	0.44388
forlate	-0.13420
dir	0.00000
langsiktig	0.86565
die	0.00000
ettersom	0.59288
fengselet	-0.71128
mathisen	0.78735
henrik	0.33573
fortjener	0.20009
restauranter	0.50151
hvitt	-0.06609
dårlig	-4.65161
penger	-1.21357
mms	0.23804
the	0.00000
heve	-0.13210
politiloggen	0.00000
selvtillit	-0.91408
aktører	0.90845
militære	-0.64717
palestinske	-2.01443
drapet	-0.62059
sette	0.31725
