helge	0.98742
finans	0.80070
strengere	-8.11059
helga	3.65599
straffespark	9.39942
beløp	0.18216
champions	5.57102
søker	-0.83293
skjul	4.42253
krangel	-6.38331
florida	-1.14531
eldste	1.52848
tilstanden	-7.07156
tyder	-0.64445
verdt	0.31939
arthur	-3.85870
topps	9.01669
kroner	3.64384
materiale	-0.34314
fraktet	-3.65387
kjøtt	-1.20163
gjelder	-1.94161
vanligvis	-0.88523
overtok	3.71509
opprettholde	-5.52477
torsdagens	4.54892
annonseselger	-7.26265
unntak	1.88238
raste	-4.12723
john	5.39008
produkter	-2.01417
mennesker	-4.67586
klima	-0.16528
grei	6.20992
kristoffer	-0.06554
finale	7.93133
timen	0.98822
grep	-0.74389
times	-0.12043
timer	1.33308
manga	5.44993
bekymring	-9.14232
keeperen	8.70217
skjermen	1.80624
arbeidskraft	-5.23386
stengte	-0.73556
tone	1.66658
avsluttet	5.58019
januar	1.06962
avsluttes	3.62743
avslutter	6.36626
redaksjonen	-7.92100
vraket	-0.71702
tonn	-1.52129
smiler	9.40608
tomt	2.75087
sjekk	4.21780
red	4.99375
legene	-2.80490
smått	5.38073
kandidat	4.30095
ren	2.08656
misfornøyd	-5.88839
parter	-0.07983
allierte	-9.16813
debut	11.39708
papir	-1.78421
kampanje	-7.72485
naturlig	0.45607
etterspørselen	-1.73330
klikk	2.46537
advarsel	-3.17604
havnet	-2.42426
hordaland	-3.46682
stadion	3.79206
ingenting	-2.32391
ambassaden	-4.88470
observert	-4.43023
damer	-0.91777
økende	-5.86860
derpå	-8.07104
samtale	-0.40372
tony	0.89555
jan	2.41662
runar	4.73370
sikkert	1.48848
forhandlinger	0.42368
konflikter	-5.60468
kjøpt	-0.89864
opplysningene	-7.68122
morgen	3.42735
oppstår	-8.63017
planlegger	-0.88997
konflikten	-6.88343
utstyrt	3.70895
topp	7.38682
femte	1.55192
sparta	5.14592
morges	3.54321
medalje	5.70724
pappa	-0.49487
høyst	-2.67570
beskytte	-10.29516
personbil	-10.32981
truer	-8.05577
vadsø	-1.24882
versjon	0.09910
truet	-6.19917
bakgrunnen	-1.55631
halvannet	0.95304
forsinket	-5.18392
innenfor	-1.49687
kjøpe	0.80150
tjente	-0.96406
halvannen	0.36477
rammet	-6.53513
rammes	-9.12691
dagfinn	-0.99179
medier	-3.25156
rammer	-9.46720
kommune	2.37283
havner	-5.74386
psykiske	-13.41391
minuttene	5.22897
virke	-4.81492
vegard	3.78416
span	-1.95639
stemmene	-1.98412
forklare	-8.62258
veier	-0.17894
grad	-4.58466
problemene	-4.86432
veien	-0.26108
karasjok	-17.09706
nybygg	-5.71827
moren	-4.25252
helgens	2.40636
nordsjøen	-3.72691
rbk	7.08369
forklart	-6.24009
gran	-0.83738
hege	-0.09157
utgave	1.38485
erlend	1.64638
gram	3.29464
chris	3.72575
underveis	1.63913
bjarte	5.69188
trygghet	0.15697
bakken	1.16996
fortelle	-1.89848
kjørt	0.65792
hytter	3.33892
steinkjer	-3.91922
overtid	7.80179
andres	-7.10296
avhørt	-9.96599
helle	3.73845
oppslutning	-4.97734
meteren	9.71027
eksisterer	-5.05370
europas	0.98608
dine	1.18968
innslag	5.28674
ran	-4.92523
navigator	6.51485
kjøre	1.62745
tore	1.74650
royal	3.75085
tillegg	1.99006
økonomien	-5.50900
ukraina	2.55494
brown	2.00202
lillehammer	3.70731
rad	3.90494
daglige	1.67883
fredrik	7.43901
vanskelig	-1.97711
vann	-1.06807
rock	-0.76915
bykle	-5.02203
jobb	2.10262
internett	-0.82483
viktigere	0.56926
vant	6.06160
størst	1.21851
glade	4.72752
hverdagen	0.15516
helt	1.53405
hjørnet	6.73555
bordet	2.83703
menn	-4.82759
vegårshei	-5.13961
ros	9.95401
større	-0.63651
arttittel	-4.67834
rom	1.26115
ment	-3.46694
presidentvalget	-8.15278
roy	6.48461
tilskuere	4.14169
rente	-4.67954
påstandene	-8.68586
gjengen	5.06269
scene	3.70994
angivelig	-6.89322
sørlige	-2.52411
dyrt	-0.62884
masterstudier	-24.44034
raskt	-0.94403
roar	9.44891
bekjempe	-8.91947
flyr	-3.70911
nærmest	-0.76467
forskning	-4.61086
framtiden	-2.07140
joe	5.03078
løft	7.56417
operasjonsleder	-9.81749
jon	1.77885
nettkamera	-7.31446
jos	3.30268
senest	-2.19206
analyse	-4.84199
dyre	0.52009
vinguiden	-11.03160
fremtiden	0.47853
riksvei	-6.37448
hele	1.20774
sosial	-1.91638
høyre	2.17164
teste	2.05466
nødhjelp	-4.53250
fange	-4.62975
hell	3.70214
overta	-1.21475
helg	3.63089
vanvittig	4.61695
jentene	0.73309
nærmere	0.17943
informasjon	-4.58876
rampelys	-0.77966
dypt	-2.56720
helst	-0.99970
senere	1.54714
kompetanse	-0.12030
budsjettet	-0.65819
mest	-0.43025
får	0.57362
jim	-0.74266
anita	4.08625
kjører	0.85947
helse	-6.35559
komplett	1.56981
overlevde	-1.91606
overtar	-0.50267
valget	-0.16830
politi	-6.68504
danielsen	2.96567
hareide	4.21491
merk	1.47785
overskudd	2.05856
sentralbanken	-10.15228
resultatene	1.32587
riktignok	3.01665
lovlig	-3.64731
ansvarlige	-8.11994
villige	-3.73162
sentral	1.48177
helikopteret	-8.91814
mannlige	-3.50523
trygge	-1.14821
indexof	0.00000
tilsvarer	-0.79637
nettradio	-17.59421
raske	3.75543
emner	-3.15633
innenriks	-5.39176
nær	2.12179
bosatt	-0.10504
utgifter	-6.17532
indeksen	-6.79271
valg	-2.17619
giftet	0.30861
tanke	0.03032
indekser	-10.78407
børsene	-4.61476
super	6.36275
inntekter	-2.26055
rio	4.15798
støttet	0.27493
fotball	5.64612
alltid	0.79266
støtter	2.45322
lavere	-2.23588
budsjett	-3.02179
støtten	3.55398
straffe	4.12432
sven	3.04954
afghanske	-7.55082
medhold	-9.76822
offer	-8.27991
uttaler	-4.35531
isen	1.31473
fremdeles	-0.31806
rik	3.31803
biskop	4.86609
uttalt	-3.14227
håpet	1.20705
håper	4.02051
torsken	-2.19738
nøye	0.69914
lyngdal	-0.05615
gangen	3.96605
statistikken	1.42041
vakt	-7.25453
flukt	-5.39219
uttale	-4.90137
konferanse	-4.12620
høvåg	-0.46607
tittel	-1.21611
stenger	-0.57027
konsekvenser	-7.53647
partene	-0.72689
glimt	6.25751
firmabil	-21.91509
forholdsvis	4.99534
arena	5.02161
rekord	6.38986
publikum	2.45993
billetter	4.11428
følgende	-2.04456
audun	0.33947
skjer	-0.76800
tredje	3.15183
forsker	-3.68045
narkotika	-8.12744
system	-2.15666
fordeler	2.08722
sportssjef	8.42592
nederlandske	-2.23583
iraks	-12.88961
tøffe	1.85885
tittelen	-0.22923
innholdet	-3.33046
nedover	-0.83524
preg	3.08057
signe	3.88963
viruset	-7.76196
fremstår	-3.79343
ropte	-5.17217
toget	-2.01602
svar	-2.01467
press	-0.50410
aktuelle	-1.58125
kveld	3.78968
påvirket	-8.18075
charles	-0.71272
sorg	-0.08356
odds	5.85041
utført	-3.70030
perry	-2.32785
huseklepp	15.83315
løpende	-1.28612
påvirker	-3.96348
oppsummering	0.96433
svak	0.41206
gjennomsnittlig	1.16304
tilgang	-3.81347
understreket	-2.60388
obama	-2.03072
understreker	-1.11340
forvaring	-4.34864
artister	4.54850
søkte	-2.19276
drevet	-2.83535
medium	-1.79395
redaktør	0.90593
avklart	2.10599
jorda	-2.90380
tekniske	1.97995
world	0.12216
vare	2.07909
realiteten	-4.35402
befant	-3.54220
overhodet	-3.82094
sentralbord	-14.47235
samarbeide	-0.22649
smerter	-3.66615
elektronisk	4.63981
carl	-1.61939
tyskerne	1.65661
skuespiller	1.63386
kolliderte	-6.79090
tilfellet	-5.97809
rss	2.98728
københavn	0.94715
tilfeller	-6.65462
kriminalitet	-5.65472
filmer	1.94438
prix	6.61729
spare	1.31586
rønning	2.05984
vist	1.46445
minutter	7.30840
kjenner	-0.97651
bjørgen	2.08452
norske	-0.86127
absolutt	2.14826
viss	-1.49058
hjemlandet	1.40662
aftenblad	-5.65607
dekke	-5.09313
religiøse	-9.61254
vise	0.29748
pris	6.22816
godkjente	-7.73910
varm	6.75563
europeisk	-2.15470
filmen	-1.99229
forklaringen	-4.58312
sparer	3.37107
kvinesdal	-4.29022
sone	-0.49828
qaida	-2.52688
solide	5.44298
cato	5.43667
ringer	-0.03957
arbeidsgiver	-0.17873
ulovlige	-4.92073
sogndal	5.37692
ryggen	2.34820
imponerende	7.38572
spurte	-3.04652
bjørnebye	13.46677
første	3.44024
sony	5.36032
alarm	-7.83116
artbyline	-3.18263
åpne	-0.19298
vunnet	9.09036
skadd	-4.24025
krevende	4.94134
skade	-3.27131
inntrykk	-0.84456
nilssen	2.16101
likhet	-0.93261
utenom	2.66305
hendene	-0.68975
elevene	-6.19527
karakter	1.39237
høyest	0.74446
vitner	-4.01459
kraftig	-0.76195
sak	-7.06992
giske	-0.66375
erfaringer	-0.71981
utvalget	-0.63815
morgenen	-0.93928
betalt	-2.17101
eøs	11.72191
nødvendige	-3.80636
skadene	-3.03752
drive	-3.92140
rapport	-7.92384
morgan	-2.82997
avslørt	-7.00463
sola	1.35673
låne	-0.65149
omgangen	9.57940
likt	0.56848
grove	-5.85234
betale	-5.20646
portrett	4.91908
russerne	0.98029
landets	-0.78947
væpnet	-10.70708
uttrykk	-3.68090
statens	-8.55072
importørliste	0.00000
like	1.32677
grovt	-4.93690
poenget	-1.95617
san	7.81794
sas	-2.40341
høyere	-0.34846
soma	-5.19670
børsen	0.77961
formelt	0.26009
billett	3.23287
midtbane	7.02897
origo	-0.94000
linn	0.47608
kombinasjon	0.99739
jord	-2.86971
mandag	2.12708
mennene	-6.15382
mandal	0.77434
madrid	6.41602
link	-6.62530
utnytte	1.94573
overraskende	5.08973
knyttet	-3.68751
line	1.06354
kamera	3.76759
tove	-2.91362
hånd	0.12800
beholde	-2.15550
stadig	-3.62023
unnskyldning	-8.31132
nødt	-2.22058
opptatt	-0.68035
balanse	6.48724
karrieren	7.04074
vedkommende	-5.46737
veteranen	4.45245
jobbe	2.85186
armen	1.45687
mourinho	3.34840
hindre	-5.28835
drar	4.78402
stoff	-0.30495
andel	-3.36831
sjette	3.24179
drap	-4.59150
valgte	0.72956
nærmer	4.98886
røkke	4.34839
offentliggjort	-3.67993
nasjonalforsamlingen	-11.72780
mamma	1.55011
tilliten	-3.24649
indiske	-4.09188
dagsavisen	-4.48699
tour	7.13565
avslutning	13.23360
sogn	-3.61486
grensen	2.02392
omgang	7.44066
grenser	-3.79557
etablerte	0.52661
tandberg	-4.82638
viktigste	1.59233
bjarne	3.06037
dekker	-3.33678
skaper	-5.56469
høydepunkter	4.02382
slett	-2.22742
sjekket	-1.99492
funn	0.28315
støre	-2.90851
kvartfinalen	8.08171
dekket	-2.37738
uttalte	-4.69339
moskva	-1.02535
ferske	2.38664
oppnå	-3.69487
jens	-1.30574
identitet	-5.37326
venstre	0.99275
jørgen	1.78550
fullført	-0.13489
robert	3.73494
ledende	-1.56231
omkommet	-3.27474
sykdom	-4.58249
jæren	2.95205
liga	3.68065
celtic	5.07668
pasienter	-10.23877
trenere	3.57570
oppdatert	-0.84303
innvandrere	-10.89995
pasienten	-9.18541
branns	5.89536
leserne	-1.17521
motsatt	1.84633
media	-3.01314
største	1.91339
samle	-0.25628
fjell	1.14817
overganger	2.94166
skottland	1.95647
overgangen	5.25668
justisminister	-3.83874
dårligste	-2.30999
full	-0.39265
lerkendal	0.69597
parken	1.48614
glass	2.70057
oversikt	2.27181
august	0.96954
rtha	0.00000
beskjeden	3.86329
neste	3.46838
åpen	1.26434
arbeiderpartiets	-2.59767
sjansen	10.37455
landene	-4.20560
glipp	1.25903
opprinnelig	-0.27690
sjanser	8.05893
hvorav	-0.77420
nådde	0.10196
drev	-2.35412
deltatt	-1.09621
siktelsen	-11.58172
automatisk	0.21022
upassende	-0.65895
sperret	-1.56258
sentrum	-0.26932
fysisk	-1.57071
etternavn	2.00538
group	-1.55168
firmaet	0.12150
paulsen	-0.54095
rykker	-0.88521
haukeland	-7.09108
kim	2.66269
rykket	0.25673
svindal	4.83745
libanon	-2.19760
fest	4.94520
fett	-0.19664
sjekke	-0.88851
usikre	-2.48054
administrerende	1.71841
andr	4.88235
partner	-3.69890
går	0.08882
asker	-0.37071
black	-1.97507
sjokkert	-4.78632
vidt	-0.82720
cupen	4.46152
landslag	6.49522
wigan	-0.30951
somalia	-5.40111
solgte	2.89214
kripos	-10.56742
enkelte	-3.48521
lyon	1.52556
rykter	-1.83548
nødvendig	-2.30978
regne	1.62098
årets	5.41238
bakke	5.17618
svensk	-0.75516
utfordring	5.02839
komiteen	-0.29150
brenner	-0.47678
middag	8.02975
lignende	-1.73197
mesterligaen	5.49519
handling	-7.20871
siv	-3.66323
stiger	-0.46991
dører	-0.35196
stein	1.60857
gjort	-1.45027
anlegg	4.91025
lengste	6.90445
farlig	-4.95260
stormet	0.94152
iranske	-6.43772
ferd	-1.11082
france	8.28659
tildelt	2.74244
døren	-3.50197
ansvar	-2.62149
nordmannen	5.92087
nederland	4.21480
døden	-4.41743
cecilie	3.27545
tradisjonelt	-1.38894
tvang	-3.13797
thor	4.39928
sir	1.72747
tilby	1.82798
sekunder	4.02401
topper	4.09546
erna	-2.22232
plassen	5.35252
toppen	3.90131
modeller	2.43292
sender	-2.33726
hensikt	-9.82728
satte	4.60381
modellen	-0.19498
sendes	-3.76092
dobbel	1.10332
knudsen	3.47669
faglige	-4.63336
skatt	3.13235
egentlig	-2.22777
plasser	4.71960
lyse	2.69312
medlemskap	-4.01087
avgjør	-1.55164
kritisert	-8.01814
lenger	-2.49254
victoria	-0.04525
nationen	-14.28567
klarte	4.01468
innsendt	5.59792
gammelt	-0.50455
befinner	-1.72821
lyst	1.93626
afghanistan	-6.25205
liverpool	8.21973
naboen	1.83295
kaffe	5.78613
naboer	-0.74178
bodd	3.33383
agent	4.90686
sønn	-0.63893
lasse	2.71439
konkrete	-1.82396
selskap	0.80984
løsning	-0.25404
levende	1.92840
daværende	-3.24605
bidrag	-0.17579
liggende	0.76768
marius	3.66677
leder	0.56959
wall	0.63032
ledet	3.38515
mester	5.66720
skogen	-0.82866
sex	-8.23339
ringte	-2.98707
byer	2.32751
ser	-0.92574
byen	2.15036
medielab	-26.07107
utbytte	-0.80414
snakke	-0.67204
veggen	-0.91487
nilsen	5.93434
artist	10.21500
dagensit	3.69393
søkt	-2.85382
ødela	-2.52454
betalte	-2.90192
sannsynlig	-2.03434
christensen	-0.20433
sea	-5.03161
nordmann	0.74914
fornøyde	4.61865
muligens	-1.72521
tiltalte	-11.93066
ambulanse	-8.49182
bygd	-0.57584
webtv	19.22651
bygg	1.32354
kvaliteten	-0.14838
satse	4.17298
sep	0.64885
konstituert	-8.26112
landet	-2.78205
sølv	5.94959
selvsagt	1.02102
kveldens	8.59290
william	-0.41172
manager	9.58557
krf	-0.33403
forbereder	-1.28745
ordning	-1.47306
score	7.29543
meldte	-1.25422
skapt	-3.36977
tvedestrand	-4.00004
deltakere	3.74829
torgeir	3.51411
terry	-2.99505
slå	-0.48539
sigurd	5.56893
nina	0.25466
vegvesen	-7.50199
storberget	-7.78753
fungerer	2.27590
renten	-1.13871
utvalgte	3.44813
vind	1.81413
renter	-10.96932
muslimske	-9.29420
sol	6.45569
barth	-4.00806
folkeparti	-1.97394
amerikansk	-4.87871
mjelde	2.78904
terra	-1.81594
erik	5.37384
søke	-1.60408
melding	-1.40973
nils	0.53053
forsvarets	-5.22059
teknologi	2.04982
harald	3.48469
skilt	-1.04205
vinn	6.40160
betaler	-3.56877
sendte	1.89744
snø	-0.49305
levde	-1.91867
krigen	-6.23330
rystet	-4.77243
angrepet	-4.65980
tvil	-0.82487
øyne	-1.32450
væpnede	-7.73898
fædrelandsvennen	3.73525
duoen	7.86034
troppen	5.59660
heyerdahl	1.53182
operert	-1.97427
sri	-7.80065
huset	-1.90695
fortjent	3.64430
sterk	1.97375
rogaland	2.01885
feil	-2.13747
norge	0.36372
regel	-0.79581
kongelige	3.15712
supportere	5.02285
italienske	3.61045
eriksen	2.00214
økning	-0.69282
aston	2.92213
foreslår	1.76307
bombe	-3.69162
tråd	-4.55467
drikker	-3.29718
østenstad	21.18215
små	-0.28246
ledelse	3.69147
sponheim	-2.61795
design	9.91476
skape	-2.40794
ligge	2.27524
dobbeltabell	-21.44746
prosjekter	0.08582
eier	1.42491
kvelden	5.78440
slo	3.13792
fremskrittspartiet	-2.86636
huske	0.23089
prosjektet	0.18730
skuddet	11.24408
toppscorer	7.02267
omstridte	-7.14370
sky	2.35172
vises	-1.00084
viser	-2.51427
facebook	-3.02145
kosovo	-7.53794
fortsatte	2.81603
sett	-2.41920
arctic	-2.68790
lever	-1.84351
ski	4.83298
endring	-2.19989
november	2.10064
sko	1.63838
fullstendig	-2.87289
videregående	-0.99266
league	5.20462
bryte	-3.75912
skapte	1.80645
produksjonen	-1.77992
redd	-4.85794
relativt	1.45435
manchester	8.02820
this	0.00000
merke	0.16800
scope	-2.94261
episoden	-6.61753
sendt	-1.24795
runden	7.20162
snu	-3.95895
online	-0.99017
avgjorde	7.62339
runder	5.13466
steve	0.43959
real	4.95207
kommenterer	-0.86130
ettermiddag	3.95369
særdeles	-2.18181
trenger	0.77300
eventuelle	-2.90884
vurdering	0.92305
russland	-1.33744
polen	0.00542
voldsomt	-0.23921
iran	-4.51414
sammenstøt	-9.40997
uendret	-2.72266
barna	-6.76633
hægebostad	-2.84849
grunn	-2.80541
irak	-2.86010
barne	-3.76801
sms	1.82790
lansert	3.45241
situasjonen	-4.55332
felt	1.08060
forskerne	-8.65382
nrks	-1.14407
situasjoner	-2.60096
eide	-0.45835
sende	-0.54304
ellingsen	2.71194
guide	5.50056
jordskjelvet	-7.95776
aktiviteter	3.13603
passer	6.49667
sjelden	-0.62328
opprørere	-10.15345
debatten	-6.68752
rune	5.33931
debatter	-4.69199
japanske	-3.46542
tenner	-6.35223
pågrepet	-9.43351
gleder	10.30372
nyhetene	-0.08533
vålerenga	6.72048
terje	2.65460
favoritt	7.76609
signaler	-1.47664
danske	3.65723
enorm	2.35632
yngste	3.29365
turn	9.92616
regi	-3.28618
lastebil	-8.13429
storebrand	-3.24203
visste	-0.19349
stå	0.39859
newcastle	4.76047
skien	3.97808
stoppe	-1.10015
sjåføren	-4.85976
østerrike	8.33239
regn	7.07220
bord	-4.63207
rettssak	-6.89646
straffen	-0.25538
straffet	-1.16210
serbia	-1.67146
dropper	-3.43072
showet	2.76814
beijing	2.74691
kåre	3.18391
likevel	0.55312
holdninger	-9.21466
syn	-5.73595
bakgrunn	-4.40544
grønt	2.34398
kunder	-0.81446
oppland	-1.06323
spør	-3.89859
syk	-2.98795
forferdelig	-4.56428
laden	-4.35764
document	-1.34518
benytter	-3.38895
benyttet	0.84416
grønn	2.36345
tekst	-0.74892
anmeldelser	-0.23566
syv	0.57438
amerika	-3.19297
strømsgodset	8.06097
falle	-4.41330
raser	-1.79034
raset	-7.79160
forsvant	-3.50209
jul	4.90415
jun	-2.11204
aksjen	-3.46094
overgang	6.81530
bryne	6.48285
aksjer	-0.86004
fransk	2.71877
offensivt	8.20519
snøen	1.27916
øyvind	11.17955
spilletid	4.22375
skrev	-3.12264
kamper	7.77310
sittende	-1.03838
ssb	-4.62566
nevnte	3.66427
kampen	5.17943
klarer	-0.93640
album	10.12072
demonstrantene	-14.09589
påstander	-8.90593
begynner	0.36231
lagmannsretten	-12.72479
behovet	-4.39306
stund	3.61156
taper	-6.66463
klar	2.69739
tapet	-0.27956
gjennom	-0.27311
elisabeth	0.45171
kultur	-5.60970
canada	2.14428
white	8.49221
sto	2.23927
tyveri	-5.47898
opsjoner	-9.34869
alvorlige	-5.60680
målselv	-1.46062
that	0.00000
str	8.04223
styret	-1.64855
regningen	-3.16767
styrer	-2.94368
skylden	-8.87226
skyldes	-5.62060
beckham	7.03509
skylder	-4.88656
kongo	-5.02163
afrika	-4.76887
bloomberg	-10.08030
saudi	-1.98961
tidligere	0.92074
rute	1.35755
sun	-0.95198
trøndelag	-0.06112
meldingen	-1.52040
guttene	-1.42039
bjørnar	2.61456
meldinger	-6.24394
utvidet	0.17947
ærlig	-0.49367
flest	-1.36766
frukt	12.12904
økonomisk	-4.56581
høyde	3.64928
ronaldo	4.11371
birmingham	2.81535
svs	-1.72184
rasende	-8.59711
brussel	-3.79109
grov	-6.99158
service	-1.24451
økonomi	-8.32999
passet	-0.86324
skriv	-2.62897
forsvare	-4.03437
tak	-0.09132
quart	3.77701
visse	-6.76945
hende	2.29323
hoppet	1.31774
planlagte	-2.93292
stilles	-7.05083
trusler	-9.42018
anke	-6.71411
melder	-0.73443
flere	-0.18158
falsk	-2.98922
stiller	0.10924
forholdene	0.00317
trafikkulykke	-1.59911
møte	0.79677
interesse	0.74010
salen	1.68212
skjebne	-5.49492
lengre	-2.63604
begynne	1.55409
forrige	1.78076
kidnappet	-4.60351
national	-0.48304
pubdate	0.00000
teller	1.01368
tilbudet	-0.89063
jakten	-0.77823
avis	-0.21284
inneholder	-1.29448
kai	3.53577
møtt	0.31313
jakter	3.33628
stemning	4.72479
jørgensen	2.19247
sånt	-2.04735
jerusalem	-5.74476
nekte	-6.85189
tas	-6.88039
tar	0.56786
vellykket	0.71396
tap	-0.06286
bodø	4.01267
kjørte	3.79920
leiren	1.52672
fremover	5.39822
reagerte	-5.10285
google	-6.07082
voldsomme	-1.81951
rene	3.09113
værmeldingen	-10.62774
blikk	0.36334
eldre	-0.60137
skyldig	-8.09307
renn	5.99483
konkluderer	-1.94042
pågår	-4.63012
kjempet	1.73448
kneet	-3.15710
kjemper	-1.03395
ferien	3.14487
rent	-1.42148
nyttår	0.97135
møre	-1.77866
gruppa	4.80085
tdn	-1.54150
mørk	0.46241
garantert	5.26455
brant	-4.11922
hevde	-0.58815
boks	0.56347
grete	2.37717
brann	2.78738
gruppe	-2.79901
lengst	2.10749
språkbruk	-1.46054
dagers	-2.27373
ligaer	3.05281
minutters	5.62460
farten	3.49541
kjedelig	-0.32274
ligaen	6.63668
børspause	-6.08223
opplevelse	3.14204
fungerte	3.66128
boka	-1.85186
spangereid	4.76019
bidrar	-3.13909
kjendis	3.63897
stede	-0.59357
strømmen	-1.85586
lære	-1.12775
sliter	-0.63317
dagbladet	-1.47337
tradisjon	0.11676
vigeland	-2.96029
konsernsjef	-1.86298
advokaten	-5.93984
biltester	-19.42595
varetekt	-10.65259
alfheim	5.75953
advokater	-8.17443
bransjen	-3.48578
lært	-1.47619
sliten	3.91074
utviklingen	-2.59324
rett	-0.23949
seere	-2.78663
passasjerer	-3.99247
avisa	-3.83589
class	5.10397
bjørnstad	3.74442
expressen	-7.81308
nivå	2.25017
leilighet	1.70573
motstand	-0.08324
bladet	-2.19261
organisasjon	-5.31867
hevet	0.00927
sjefen	-0.74499
kåret	6.88865
anker	0.44497
anket	-8.89572
aksjon	1.28086
anser	-6.18263
dagens	0.24998
drapene	-8.58380
gjerstad	-4.89694
ansatte	-4.75965
stor	2.19348
avgjørelse	2.65638
begynte	-0.42959
nettopp	0.42198
mobilen	4.61948
brakt	-3.26186
stillingsvarsling	6.55295
rikeste	-0.81130
bildeserier	-1.37148
årene	-0.40050
turister	3.74600
trykket	0.51079
stallen	6.14226
internasjonal	0.55527
with	0.00000
hjelper	1.28967
steen	5.12117
viste	4.39505
artingress	-4.40157
viking	5.70035
revet	-0.78216
departementet	-5.44786
alternativer	2.59455
henge	1.18647
avdekket	-5.73805
dagene	2.81145
alternativet	-2.69832
anna	0.48260
premier	8.18698
visst	-2.55243
anne	-0.82057
tenk	-1.22098
adressa	-1.91823
riktig	4.42255
leeds	4.91022
postboks	-17.89969
adresse	2.56277
personlig	0.04579
ansiktet	-6.32883
oscar	2.04424
hjulpet	-0.35554
stig	3.89369
gripe	-6.06304
henhold	-8.21214
voldtekt	-9.03425
iversen	4.16936
opptil	-0.79519
klare	0.05207
sørlandet	1.39182
sjokk	-2.18538
syria	-9.64741
else	2.31370
gabrielsen	-2.56845
kortere	-0.66731
tema	-1.67212
nokas	-10.29357
klart	0.95362
klassen	0.87539
utlendinger	-8.93407
solskjær	5.94265
meste	1.71878
lærer	-2.35974
gjentatte	-9.21994
bil	2.38546
skattelistene	-4.23473
bin	-3.12212
luften	-1.84006
big	0.09589
knust	-1.85720
parti	-5.37384
innhold	2.89923
kutt	-6.39727
bensin	2.17506
dokumenter	-6.91185
betydning	-4.06395
seksuell	-7.13912
forholdet	-5.25386
side	-0.64562
partileder	0.17478
bildeserie	-2.26917
behandlet	-7.27064
snudd	-1.89577
behandles	-8.93461
senket	6.00475
ankom	3.65069
midler	-1.37875
fremtid	1.59052
tingrett	-10.31107
spår	-0.31829
bente	3.53514
svarer	-0.40163
frivillige	1.07653
svaret	-2.22440
reagerer	-7.99419
konkurranse	2.29169
stil	4.16517
ytterligere	-1.40144
tufte	2.99711
engang	-2.19375
flytte	1.86099
eksplosjonen	-7.97930
hoppe	0.38009
oppfølging	-3.07953
kurs	2.10741
landsmøtet	-4.63088
kurt	0.04478
ham	0.06501
langrenn	4.28799
tviler	-1.86179
sportslig	5.37228
bob	3.13866
irland	0.08712
koblet	0.12953
pdf	9.54247
bok	-1.64726
sies	-1.39150
forhindre	-4.65282
kreve	-6.09785
sier	-0.41489
våpenhvile	-7.49754
formål	-5.24664
kirken	-4.25363
presidenten	-2.51375
planen	-0.22157
kjøper	-1.77105
planer	2.38798
larvik	5.97858
dronning	4.23519
kortene	0.24651
strømstad	7.38419
bruken	-5.20091
erichsen	-5.74415
bolig	-1.77429
georgia	1.20705
spørre	-2.73451
kroppen	-2.84190
oppgjør	2.11105
språk	-5.24601
hussein	-9.63968
effektiv	0.38813
bjelland	-0.13160
bmw	8.23079
bruker	-2.07940
teborg	0.00000
slottet	4.99000
sivile	-7.05049
teater	1.66664
kvalifisering	3.32875
testet	4.66703
hamas	-14.68802
hamar	6.78921
brukes	-2.99277
webmaster	-7.72169
spenning	1.27858
driften	-3.82313
henvendelser	-5.19277
tester	6.48071
justisdepartementet	-5.34030
breivik	1.28889
testen	3.53217
bestemt	-0.05418
spillere	5.78849
par	3.78416
argentina	3.65021
omtalte	-3.31450
etterlyser	-5.73065
stod	1.52662
name	-2.50711
verdenscupen	6.73486
volvo	-3.07705
forventningene	1.18510
hånden	-1.67787
betydelige	-3.58359
music	10.69888
mannens	-7.27301
brystet	2.05000
orderud	-9.15792
tiår	-1.55246
emneord	-4.41986
tallet	-1.85712
stjernene	7.65005
slutten	3.13219
sluttet	-0.53608
slutter	0.69737
blå	2.77704
ført	-4.66888
forårsaket	-10.05784
bom	3.75288
overfor	-4.81089
bor	1.33229
stått	1.14192
bot	-5.16716
statsministeren	-2.29693
tegn	-3.30379
pressekonferanse	0.35984
føre	-5.93261
torjussen	-10.01429
fredagens	1.25585
energi	-0.61360
opptak	-1.52196
musikk	4.30359
hel	1.57354
inspirert	3.61960
hei	5.09716
trøbbel	0.44393
hovedside	-10.91898
elin	1.54119
fengslet	-5.14035
sluttspillet	4.48504
programmet	-0.64046
vold	-7.81788
vedtak	-2.37562
temperatur	3.16794
bilen	0.81625
bbc	-5.80451
biler	-0.89745
jenta	-3.50440
årige	0.86266
forstår	-4.06218
offentlig	-5.11006
olsen	1.65869
helstad	2.25977
jente	-0.44629
oslopuls	5.97609
anbefaler	1.35384
php	-6.17069
forsinkelser	-3.89221
het	1.28148
diskut	-1.29696
fortalt	-3.69602
ofre	-5.97281
broren	2.41851
tysk	-1.40087
bak	2.03602
fatet	-1.43806
foran	3.69749
nokia	4.71148
mobil	3.53302
oftere	-3.45520
bilde	-2.57717
effekten	-2.74741
bad	-0.61516
besøk	3.47743
nato	-7.15122
virkelig	0.57302
arbeidslivet	-5.55673
natt	-2.16662
nærheten	-0.55711
sitte	0.73786
bar	2.60228
gratis	3.65635
lands	-3.62758
risikerer	-7.71917
forbi	2.43329
opplyste	-3.95145
fattigdom	-9.13621
statsråden	-6.62129
tørrissen	8.06553
rysstad	-1.04791
avtalen	2.90923
avtaler	-1.40110
kolleger	-2.24819
lister	1.34259
bringe	0.73470
listen	2.75989
putin	-5.41058
tonstad	0.33394
dessuten	0.74247
gundersen	4.82151
brukte	-0.67148
bilene	3.09724
byttet	2.75305
bytter	2.85127
birkeland	1.07608
star	0.11697
hvert	0.30699
taler	-1.47492
stat	-7.68670
offisielle	0.47409
forby	-6.92005
oftest	-3.90550
uklart	-3.79981
per	0.31066
gulvet	-3.20656
jubler	6.02676
finnsnes	-4.20941
trondheims	3.46201
etablere	1.64866
usikkert	-0.68402
janne	0.38232
vær	2.69437
etablert	0.72542
skuffende	-0.73109
samfunn	-9.39747
type	-1.27845
euro	4.81758
bety	-1.28272
eivind	3.22259
hiv	-5.10327
viktige	-0.04888
innlegg	1.32371
innlegget	0.69671
kyrkjebygd	-1.14616
ille	-3.94490
krekar	-14.49680
følg	2.00109
føle	-6.92422
heldige	4.65477
enten	-2.07448
økningen	-4.43051
ber	-4.86256
hilde	0.20918
overraskelse	4.95412
fattige	-5.56657
bjerke	-0.50239
team	5.19498
ben	0.88067
digitalsport	5.17166
bildene	2.08909
sluppet	-0.50743
konkret	-1.03584
paul	5.65296
sikrer	1.06672
sikret	6.00892
medlemmer	-4.72858
nettsted	2.44257
christian	2.04797
utenlandske	-2.45974
kanal	-0.37785
norden	-2.55424
ruud	7.59457
nevnt	2.19026
gjennomføre	-4.46766
roger	3.45087
stortingsrepresentant	-0.44842
avstemning	0.84484
ofte	-3.55198
seier	5.09232
nordea	-4.41169
medisinske	-2.46971
torsdag	2.72019
gjennomført	-1.45244
rollen	-2.32849
kostnadene	-2.47891
februar	0.40554
reuters	-3.25185
forskjellige	0.03384
sport	-0.69663
telefon	2.66717
carlsen	4.68958
sistnevnte	3.86471
halve	1.83489
pass	-1.17846
blomster	8.15594
opprinnelige	-1.40197
steg	4.17786
sakene	-3.08305
sted	-0.56445
plan	-2.53093
lån	-1.38632
avtale	3.77624
mannskapet	1.01896
klasse	2.41883
låt	7.01305
stem	9.17934
oppfatning	-7.48122
halvt	0.38903
duell	6.11394
kinas	-7.51158
skrevet	-0.97015
berg	2.59381
tipset	-1.55642
arrangeres	6.04723
landslaget	5.43762
styrkene	-7.15967
faktisk	-0.53150
pop	11.27189
politikken	-5.29539
begeistret	2.85214
rasisme	-13.84003
meter	8.49046
gander	11.03852
riseth	-1.35772
voss	1.19403
nordisk	3.49270
myhre	1.26963
sira	-2.79536
bunn	-0.19869
finland	3.49664
beskriver	-1.65286
kvartal	0.90858
siri	0.83721
operasjonen	0.70081
operasjoner	-4.78212
zlatan	1.60899
eirik	1.34775
ødegaard	12.73696
mesterskapet	7.24857
norsk	-0.49698
turen	6.69671
tiltalen	-13.24916
konservative	-5.42207
god	7.97869
bildetekst	-1.10558
kysten	2.78762
politisk	-6.31338
best	6.40481
golf	11.68063
gullet	8.60153
årsaker	-2.73747
særskilt	-9.69819
årsaken	-6.96386
forskere	-7.94251
tøffere	-1.42486
utslipp	-2.59120
ungdom	-5.76310
påstand	-9.21890
sentralbyrå	-6.32849
velger	-2.52852
rekke	-0.55803
prosent	-0.90891
utdannelse	-4.12318
kostnader	-3.10331
ronny	4.07547
erfaring	2.29255
gamle	0.98902
mediene	-8.23458
hoftun	7.66872
nettverk	-1.39485
invitert	1.86004
pst	-6.39505
buss	0.40549
rettigheter	-7.13417
pedersen	3.15385
svarte	-2.15556
kreft	-1.66662
journalisten	-3.29636
vgtv	-2.16251
kravene	-3.04972
beskjed	-2.24328
hamre	3.59245
bush	-2.78504
statlig	-3.90943
thorbjørn	0.21007
kvarter	4.53533
reddet	4.64953
sørensen	1.92862
oppsto	-5.55217
journalister	-1.35142
kampoversikt	-5.15229
johan	1.07425
kristiansand	3.78850
født	-0.65643
søndag	6.78029
trekke	-0.35830
aftips	-3.59764
kaster	-4.40303
kastet	-2.33404
ekstra	8.44125
håndtere	-6.56695
distriktet	3.39754
eventuell	2.23144
bislett	9.01418
siste	1.10800
dommerne	0.83470
abonnement	1.06914
mccain	-8.93626
gro	1.29446
samtidig	-1.54094
ledelsen	4.40387
hushovd	2.66522
eventuelt	-0.59929
blogg	-0.07166
etterhvert	0.95880
thead	-4.52601
reisende	-2.98103
you	0.00000
bilister	-8.53120
kritiserer	-10.66883
kontrakter	-0.70485
stanse	-7.08929
diesel	6.83001
lurer	-2.28375
gaza	-11.25165
kontrakten	4.99567
mediehuset	0.79022
emil	4.47541
leter	-4.28852
myndighetene	-7.58142
kværner	-5.04150
bent	7.64847
sterkere	-1.12256
bein	-0.21028
pagetracker	-13.04065
fleste	-0.16218
unngå	-2.87334
engelske	2.84520
sikt	-1.13636
omsorg	-6.40404
kapasitet	2.71539
velkommen	2.87292
fristen	-3.97680
polske	2.28862
bra	6.23554
sunderland	4.17116
utenfor	0.65323
grundig	-1.49372
gud	-4.56281
undersøkelsen	-6.31991
lette	3.73068
enighet	-1.16084
nabo	2.60349
søte	7.09771
dagbladets	1.58238
trives	7.36336
anlegget	1.99631
undersøkelser	-4.94624
kravet	-4.38304
valueof	1.74289
boligen	-1.23881
høyeste	0.29524
gore	-0.73236
skjedd	-4.91166
imponert	7.05259
boliger	-4.57455
dommen	-6.65253
portsmouth	6.86425
mulige	0.20717
bommet	5.16378
block	-5.43849
dommer	2.14982
advokat	-6.13739
motstandere	-5.73288
gatene	-3.35560
stemmer	1.99978
levere	-2.08451
paris	-0.04311
transport	-0.09608
opera	4.99733
rekker	-2.10539
hauge	2.55103
forfatteren	-0.96569
politikk	-5.80730
motorsport	0.36290
vekst	-1.43085
bjørndalen	7.79708
åpningen	5.61341
berømte	1.92141
levert	2.31681
populær	4.92133
rooney	7.09839
btv	-5.88467
fritid	-2.67950
forsvinne	-1.92782
sektor	-4.76443
usas	-7.12653
tyrkia	0.25976
falske	-10.03248
finne	-0.78151
tyske	-0.13256
låter	7.74157
nokså	0.71401
regissør	3.23790
gang	0.94885
bud	4.68203
setesdal	-4.62723
trengte	3.84926
saken	-2.78003
forholde	-5.62748
tidende	-3.41522
etappe	2.48360
inger	-0.68223
juli	1.63789
datter	-2.57791
saker	-1.39813
greske	-1.19361
åsane	14.89004
abbas	-4.49803
diskutere	0.05891
opererer	-3.99178
personlige	-0.96660
nettsider	-0.31121
fornavn	1.74352
trukket	2.15102
fakta	0.21963
amundsen	0.18814
benken	8.65176
stabæk	4.87821
legevakten	-10.22236
gata	-1.46491
ønsket	-0.24920
diskutert	-1.03970
løs	-3.52689
sint	-6.60723
ønsker	-0.28962
patrick	3.59731
merket	-0.84471
løp	6.25916
erstatning	-7.11452
løv	2.98978
mathias	5.81549
gate	7.18040
scoring	9.11901
bedt	-5.21732
foretatt	-5.02137
strid	-7.98929
juni	2.55341
kommunale	-3.34131
paret	4.64439
utgjør	-4.01124
fungere	-0.20908
ledig	1.39734
miste	-2.30297
israel	-4.65730
toyota	0.32741
dommeren	-0.33632
sudoku	-1.26221
innstilling	1.96946
tidvis	3.25803
gass	-0.01253
merker	-1.33242
randaberg	5.05992
hjalp	0.07995
måned	2.33631
hender	-1.37459
gjerne	2.68685
ansatt	-1.75296
påkjørt	0.38242
høyesterett	-4.78951
sterkeste	-1.05084
verdien	-3.17111
presse	-0.70262
verdier	-6.10125
savnet	3.62880
plassering	6.24653
lillestrøm	5.27242
bestill	3.35453
savner	5.91762
topplister	-5.07161
foretrekker	-2.52101
tusenvis	-5.26597
byr	5.53437
arbeiderpartiet	-2.22439
offensiv	3.74578
resultatservice	-21.88712
store	0.59656
stord	-2.28901
lenge	1.07446
idretten	-0.91224
internt	-1.18300
mona	0.80471
utstyr	1.84996
området	1.53569
storm	3.30060
leie	0.17746
områder	-0.62066
ga	1.52591
leif	-0.47191
øke	-0.28361
fk	3.01503
forbruker	-0.76291
stort	1.84202
fr	9.84896
samtalene	-1.72491
fn	-8.36818
kommisjonen	-12.68956
hovden	0.80379
engine	-19.20110
fantastisk	10.31538
avvist	-8.60115
plate	11.80168
omsetning	-0.61063
tidenes	0.74061
he	0.00000
plata	7.19038
spørsmålet	-3.19073
sandnessjøen	0.62637
sykdommen	-3.97872
virkelige	-3.01766
gi	-0.78205
uheldig	-9.77723
mons	7.09577
air	-6.94663
gt	8.48294
plass	5.90157
knut	1.83326
gr	9.78076
go	-0.01976
økt	-2.19191
dt	-1.78799
gift	-2.09515
legg	1.75661
lege	-4.97893
jordskjelv	-8.72936
ledere	-5.91807
motoren	6.16389
stopp	2.07762
slaget	2.24209
dd	0.28650
skremt	-3.37862
sagt	-2.84142
vinter	3.44364
dl	8.40048
do	0.00000
dn	-7.05842
aktivitet	-1.53172
vakker	5.53741
dr	-3.07234
bidro	1.29628
eu	-2.68928
hæren	-10.20566
konsernet	-2.22165
haugen	4.01854
nedbør	-0.27944
politiker	-1.03048
fa	-1.73326
flekkefjord	-5.02938
statoilhydro	-9.46074
fc	9.43386
målingen	-3.96005
interessert	2.08930
nytt	1.66803
el	1.92605
gahr	-2.53278
bidra	0.02484
ei	-2.07316
ektemannen	0.98680
forslaget	-1.81808
em	7.77883
gradvis	-2.34425
angeles	1.53032
slitt	2.49495
bondevik	-2.77619
landslagstrener	4.77047
krefter	-2.21076
normal	-4.46800
imidlertid	0.91964
reise	5.34249
nyte	5.50455
by	0.00000
br	6.50536
karlsen	1.10556
frode	5.42389
tomme	0.21527
bt	-0.34596
posisjon	3.30482
bo	1.10608
bj	0.59256
heter	-2.53546
bl	2.71940
leste	-3.14878
akseptere	-7.44262
reist	2.35433
utfordringen	1.96538
tommy	3.09156
ann	0.13096
utmerket	4.64035
utfordringer	2.62013
be	0.00000
db	-4.96358
milan	8.78839
menneske	-3.95884
valle	3.68409
lene	5.10672
reiser	2.34901
fulgte	2.58088
johnsen	7.24663
forbindelse	-2.09045
samarbeider	0.46233
magen	-3.85808
minste	-1.35842
morsomt	5.60253
anb	1.99307
samarbeidet	2.77326
and	0.00000
valla	-4.55700
co	-0.46412
cm	7.49651
sekund	2.01673
kautokeino	-1.68425
mette	1.81852
nordmennene	2.50402
anmeldt	-3.44275
securities	-1.94814
senter	-1.81643
eksempel	-1.88835
roman	-1.93540
andreas	5.55949
gikk	-0.09229
cd	7.72678
kirkenes	-2.77702
frispark	10.35950
utstillingen	2.66628
ekte	0.66271
håland	-3.19953
størrelse	-2.11087
våre	-0.89473
kristian	5.09883
enige	2.62206
lurte	2.43586
alt	0.79425
omtalt	-5.29038
kalles	-2.54085
vårt	-2.09322
kaller	-5.54266
politiet	-5.33060
all	0.00000
passe	4.77410
stolt	0.44746
diego	3.59525
stoke	1.29481
annonser	3.69522
drikke	2.15147
ali	-1.70853
ba	-3.10979
stjålet	-7.06578
alf	-0.93209
as	0.00000
vokst	-0.63731
derimot	-0.81815
britene	-3.00870
allerede	2.02988
mikael	2.91529
verste	-4.96248
al	0.12585
gjelde	-5.55059
color	0.04574
ap	-2.81725
michael	1.22709
midtøsten	-5.95241
an	0.00000
framtida	-0.77898
ida	-0.49864
fvtips	-18.34040
galt	-9.99041
pakke	5.86043
vokse	-1.77847
skatten	-6.53357
baksiden	0.68449
basketball	-2.31355
fylkesmannen	-8.13675
rette	1.58139
nr	3.05075
sterke	-0.78552
brannen	-7.62685
vinteren	2.11056
nettavisen	-5.61342
boken	-2.48222
ny	0.79410
heller	-1.81730
barentshavet	-5.50374
nelaug	0.73782
rangers	6.21547
of	0.00000
rushfeldt	6.65630
nettannonser	-7.66807
pluss	4.97805
button	-2.44756
forlater	2.03151
øst	1.86429
europeiske	-1.45936
on	0.00000
ok	1.90707
representant	2.22814
ol	4.13357
sterkt	-1.76406
nbsp	7.19791
utbyggingen	-2.48130
nåværende	1.44907
ulykken	-6.56539
stillingen	5.04222
os	7.80576
regjeringen	-6.73116
lagmannsrett	-13.37388
ulykker	-6.11502
stillinger	-3.95791
straff	-8.64216
delt	5.48918
kø	4.88249
dels	-4.03061
kombinert	-0.74963
retur	5.73501
aas	3.03456
hjerte	-1.25730
fulham	4.84634
smalt	-1.51567
faglig	-3.97449
pc	1.23765
lå	0.26829
region	-3.74081
lo	-1.97967
deles	1.18628
slikt	-3.52922
deler	-0.69946
moss	2.01330
hovedsak	-2.09622
skole	-2.05432
lt	1.27835
delen	-0.35899
utgangspunkt	0.99541
lykkelig	4.05362
barnehagen	-8.74138
barnehager	-4.42447
britney	-2.53107
sammenheng	-6.61439
mc	-2.15054
slike	-4.19350
interaktiv	-1.64605
ma	-6.32532
prosessen	-1.74781
gjaldt	-2.73911
dele	2.12066
mk	2.00297
lørdagens	6.99659
butikk	0.78050
narvik	1.10409
fanget	-4.02172
fanger	-1.74407
hensikten	-6.59370
mo	3.15223
øre	0.96166
mr	1.47347
frykt	-7.80610
siktede	-8.10058
nærmeste	2.46134
utenriksminister	-5.54595
forbundet	-0.98177
delicious	0.20457
my	0.00000
kroatia	6.20985
mål	6.53959
na	1.74303
wayne	2.34051
byåsen	2.85076
ørn	9.99451
nm	9.95844
reiste	2.52217
jean	3.14285
afp	-1.89893
hellas	-0.58367
lokal	1.74589
familie	-1.13071
straks	-2.43434
jr	0.70517
jo	1.03848
hevder	-8.04663
studier	-5.74999
skiller	0.13915
hevdet	-8.13597
love	2.64243
skyting	-0.90234
italia	4.90719
reglene	-1.78667
strake	5.18729
rådgiver	-2.25103
moro	5.66855
utsette	-3.74475
doku	-6.82647
prosess	-0.34063
lovet	-1.83735
lover	-0.18291
idet	-1.95180
tydelig	-0.00744
levd	-3.77054
kv	-9.26944
streiken	-8.41135
leve	-3.83651
aftenpostens	-0.66308
kr	5.87269
etappen	7.26981
kl	1.91544
km	8.50471
reiseliv	-2.07473
grupper	-6.89669
lillesand	2.38080
gruppen	-3.22432
le	3.75077
la	1.39615
hr	-0.65221
hjem	2.30654
brøt	-0.82147
nyhetsbyrået	-5.69150
adm	-10.59648
domstol	-12.92192
drift	-1.39647
lese	-2.01402
hydro	-1.41515
administrasjonen	-3.01554
vestlandet	1.43137
ukene	3.12221
id	1.78593
studentene	-5.47432
negativ	-9.97817
kongen	2.61856
trening	6.57603
trakk	-0.10267
if	0.00000
forestillingen	-3.08761
interessante	1.67188
hamkam	7.82126
tørum	7.70797
ukens	2.65178
spent	4.22092
lest	-1.79965
begått	-12.77191
dø	-8.16228
ir	-8.65482
is	0.00000
kommentarer	-3.44823
it	0.00000
apititle	0.00000
besøke	1.17069
loven	-11.43133
ii	-0.66163
il	2.99376
bankene	-7.07912
in	0.00000
lete	-0.69844
sudan	-6.29899
gamst	6.80569
harstad	-1.42375
uventet	1.43681
nedtur	1.16487
lett	2.41149
forsøk	-0.22879
smart	3.30143
sarkozy	-5.52419
hidra	-1.31324
strand	5.81501
stiftet	5.85032
legger	-0.67277
stoltenberg	0.42140
legges	0.69687
godkjent	0.55879
spor	1.21478
mistenkte	-6.88213
traff	5.61712
nordiske	1.00538
naturligvis	-0.85030
washington	-2.54688
svare	0.49286
sø	-17.48087
klubb	5.71946
oljeprisen	-6.00520
hanne	-0.07822
dntv	-8.64939
kilden	1.37738
sammenlagt	7.98283
deltakerne	0.27811
tilfelle	-6.46615
redusert	-2.33773
innført	-0.79125
svart	-3.54109
ordningen	-1.11950
international	-0.13246
dratt	-2.68171
trine	1.58986
partiene	-2.00017
frykten	-7.79420
planlagt	-1.93575
betydelig	-2.71475
næringsliv	-1.63711
redusere	-4.00558
gravid	-0.91012
innføre	-5.18265
hos	-1.36225
behov	-4.54258
naturen	-1.19799
we	0.00000
satsing	-1.38592
osama	-9.93316
vm	5.32063
avansert	-0.72515
finalen	7.27129
vg	1.32678
grunnen	-4.46578
hemmelig	-1.62951
grunner	-2.99542
framtid	1.58017
rektor	-2.67943
tilhører	-2.05292
spre	-6.50272
delvis	-0.67438
ullevål	-0.88393
snudde	-0.98775
våknet	-0.10506
risikoen	-4.62020
hard	2.48965
mulighet	6.16626
park	2.92141
utvikling	-0.59305
havne	-2.32096
smith	-0.15898
us	3.68101
front	1.66412
stjerne	4.86111
samtlige	3.90392
fjorårets	2.66431
brukerne	-3.53332
kristine	4.53098
overkant	3.20445
up	0.00000
erklærte	-3.94976
norwegian	0.39715
tt	-4.10756
tv	-0.14669
øye	-2.41883
ud	-0.38940
øya	1.90721
fysiske	-2.51965
lanka	-6.39958
øverste	-0.11974
derfra	1.91955
redaksjonssjef	-5.32532
arsenal	9.53297
bengt	3.60795
verre	-6.88189
kniv	0.70402
videoen	-5.02484
basert	-3.02877
jostein	1.05430
gardermoen	1.51563
videoer	-1.98238
te	2.45660
spørsmålene	-2.57319
romsdal	-2.84003
th	4.91703
initiativ	-0.50988
konflikt	-7.83108
eiendommen	-0.43930
ordnet	3.04460
ungene	-3.48756
eiendommer	-1.43444
ta	0.81906
sønnen	-2.03961
langs	4.05964
su	-14.57612
sv	-4.17602
ss	4.50341
tjener	-4.19345
st	4.32122
langt	1.36084
bevis	-3.32817
personen	-5.02715
utgangen	-1.47438
sp	0.32358
mexico	0.78712
alternativ	4.48932
forbruk	-0.73896
se	0.75749
kanskje	0.45840
lønn	-0.68688
fremste	-0.12567
james	-0.14386
øyeblikk	0.39530
beskyttet	0.51979
sa	2.20974
kvitt	-1.68140
carlos	6.84640
pund	1.25119
rv	-0.15678
dommere	-2.06176
statistisk	-4.32007
besøket	5.37356
forum	0.44852
ro	0.42706
tingene	-0.82947
senteret	0.61759
arvid	-2.92264
klubbene	1.90340
signal	-6.84516
re	4.10466
operasjon	-1.46628
utlignet	9.34796
tyskland	0.99925
kilder	-3.01740
verst	-0.27935
meters	5.27158
klage	-5.85725
oppe	4.36490
kontrakt	8.39781
lyngen	-1.69518
eiken	2.81373
klubbens	6.08197
personer	-2.76749
øvrig	1.54296
fryktet	-3.57347
verken	-3.01889
frykter	-8.68500
meldt	-0.02910
samling	1.77974
underholdning	-0.87446
direktøren	-3.01406
bergen	0.91302
hamr	6.98915
berger	3.34044
klassisk	4.57733
forskjellen	-1.49872
berget	3.51549
ønske	0.70268
prinsippet	-5.56834
forskjeller	-6.21867
tvunget	-4.10593
melde	0.55036
lange	0.11771
lø	-9.56086
px	16.46319
bosnia	-3.67643
handlet	-1.23994
myndigheter	-5.58682
grader	6.78564
foto	3.08083
leser	-2.28078
forklaring	-6.43895
foreligger	-5.72441
halv	-0.82726
pr	1.31206
derfor	-2.07691
handler	-1.28201
ps	6.80608
butikkene	2.11154
shell	0.64118
frikjent	-5.31455
disclaimer	-14.81249
test	6.98646
kjetil	5.25522
ingrid	2.45620
forsvinner	-2.85972
gjenstår	4.19160
foss	3.56919
drama	-3.94153
retning	1.10713
city	3.31195
open	8.12875
vedtok	-6.03812
are	0.00000
løst	-0.37137
eiendom	-1.28692
umiddelbart	-1.23739
nordre	-0.06684
barcelona	7.98329
søknad	2.79947
generelt	-3.59928
moen	1.58653
delte	1.14212
tett	5.69967
form	1.15919
løse	-2.25108
ferguson	2.99180
beslutningen	-2.31049
kjøpte	0.29169
art	-1.33296
delta	1.96367
sving	2.24830
fort	2.71975
asa	-6.65769
virksomhet	-5.72407
forslag	-3.29215
svake	-2.37453
helen	1.18673
rettssaken	-10.38556
sverige	1.19116
fadnes	-14.16934
oppover	0.64312
rydde	-3.90121
tirsdag	0.63301
ingebrigtsen	3.30310
mannen	-3.35914
forkorte	-5.75869
diskusjon	-2.74909
dårlige	-3.96095
økonomiske	-5.69660
barnevernet	-11.48869
statsbudsjettet	-2.24394
forlenget	6.01085
faste	3.50026
forsiden	-1.49878
landsbyen	1.12040
tør	-1.52478
styreleder	-0.08368
forberedt	0.55754
magnus	1.93581
fantastiske	6.36445
svakt	2.09698
bråk	-3.43360
babybilder	-2.01641
ford	3.79152
forberede	3.16752
thomas	3.13428
slår	-2.25880
benekter	-7.93625
meninger	-2.98884
havet	-0.03363
braaten	9.58903
opec	0.88270
apr	-2.26365
aps	-2.61784
hus	-0.05651
mobiltelefon	-1.87203
omfattende	-4.45991
utviklet	-1.23344
utvikler	-1.44083
owen	5.24095
fredriksen	3.49703
bekreftet	1.37610
bygland	-3.55187
thorkildsen	4.08942
partiets	-4.87031
desember	2.10184
flytende	-0.59557
utrolig	7.74554
slovenia	3.21331
brevet	-7.00019
helikopter	0.79109
løpe	3.24561
bekrefter	0.91841
opphold	2.11203
avd	-7.07117
flinke	1.16788
politiske	-5.98249
show	1.53665
negativt	-8.19482
smittet	-6.48283
fjord	-3.38850
familiens	-3.26931
ukjente	-0.94231
hatt	1.07028
apor	-0.13140
våpen	-4.60979
gjennomgang	-1.69453
spilles	3.20240
spillet	2.63235
spiller	5.51241
uken	0.79691
jacobsen	3.01074
font	0.33820
holmenkollen	5.22145
nodeland	-3.15497
gitt	-1.88335
leiebil	-2.73120
nettet	2.19692
redaktøransvar	-1.13364
dør	-3.03411
ståle	4.31499
skaffe	-1.62381
omkring	-1.54471
hasj	-12.72472
magasinet	-2.24542
grunnleggende	-6.36368
gjestene	8.25306
beruset	-9.29768
død	-5.06442
nettby	-0.99926
billigere	1.24053
statistikk	-0.76535
svært	-0.80300
nordkapp	1.08757
kollega	-1.24265
fond	-3.70232
robbie	3.38010
milosevic	-14.51593
uker	1.25756
kaptein	4.30897
havn	1.97284
består	0.24339
tilsynelatende	-3.58523
trist	-0.19062
holdning	-5.60257
ringe	-1.30325
magne	2.75404
storbritannia	-5.33281
gjennomsnitt	-1.64628
george	-0.14256
multimedia	-1.19998
bistand	-6.01262
strategi	-3.89716
aug	4.64999
negative	-9.40303
verdensmester	6.93083
president	-4.08354
vestbredden	-14.70255
veldig	4.73571
ferie	4.49962
avgjørelsen	0.55894
kundetorg	-3.18747
ennå	2.29602
sykehus	-3.13889
britiske	-4.35136
rolf	2.42350
nielsen	0.58538
ffk	1.86658
schibsted	-6.31983
marie	-0.80796
forsvar	2.90894
inntekt	-3.03585
nho	-5.15608
millioner	1.03449
nhl	2.33583
fep	0.00000
spania	3.20188
maria	4.39388
dermed	-0.74335
neppe	-0.78029
feb	-2.12437
kors	-1.48550
vanskelige	-3.21382
aafk	2.59027
kort	3.19962
inngått	-1.75991
nordreisa	0.93184
været	1.01744
bedring	3.83973
hvile	5.08617
anders	2.67666
annan	4.30737
haugesund	0.28808
gammel	-0.00641
vakre	1.34384
opphavsrettslig	5.05768
danskene	3.55659
typisk	2.58730
universitetet	-5.29194
kreves	-1.14111
krever	-0.51504
olavs	-1.46171
trygg	1.30528
herlig	13.64890
afrikanske	-3.38088
konkurrere	3.02539
dukket	0.18965
vegutbygging	-22.48479
overrasket	0.95204
uavgjort	8.39951
altfor	-2.55420
røyk	-4.99122
lede	0.98525
knapt	0.10432
trygt	-0.00820
engasjement	3.55470
kristiansen	1.40565
utskriftsvennlig	-2.80145
ledd	-2.42791
altså	0.02012
dukker	1.86369
jazz	7.82608
deltok	0.67132
glemt	-0.69251
målt	0.76292
besluttet	-1.91022
garderoben	0.71438
new	2.35567
plukket	4.88205
profilen	6.27117
ballen	7.69463
nff	1.99779
mads	2.31657
kona	-0.86862
gjøres	-2.63886
skjønner	-4.11087
grunnlag	-5.13327
siktet	-2.99042
bygge	-0.61977
kong	3.78457
nominert	4.50299
mottatt	-1.91993
kone	-3.70179
militær	-11.01890
kilde	-1.97468
arial	-7.36793
høyres	-2.86152
foten	-0.14650
erstatter	7.87153
åringens	-2.17755
ungdommene	-3.19325
favoritter	8.47391
kaldt	1.55424
artbrodtekst	-2.81430
finske	2.00650
markert	2.74238
plassert	-0.97585
fylket	-1.56013
fat	5.68738
ordre	-5.14673
far	-0.78033
display	-2.81349
label	-1.58841
maks	1.78085
kalde	-1.95001
hansen	1.43567
makt	-8.10864
knivstukket	4.47977
laget	6.30269
birkenes	-0.49817
lager	1.04972
vanlige	-0.45663
texas	4.17725
hotell	2.71613
steven	4.94890
såkalte	-5.13984
fremfor	0.32727
telenor	-0.49464
ordfører	4.28551
samtaler	-1.29135
redde	-4.56403
drøy	1.43724
divisjon	1.23261
erling	-0.08730
trondheim	1.08805
asia	-0.54558
torbjørn	-0.77070
fjordane	-3.31202
historiske	-1.27749
drøm	3.65229
friske	4.92455
mail	-2.92621
boligprisene	-8.06510
utgavesjef	-12.92468
prosjekt	1.71407
tiltak	-2.86101
investeringer	-1.88990
kanalsjef	-9.22922
roma	6.76251
skog	1.91826
nav	-0.30294
lyktes	1.40300
åpent	2.65514
retter	6.54410
rettes	-9.47496
stefan	7.14292
rettet	-3.49482
raskere	1.41138
filmene	0.97588
diverse	0.80316
økokrim	-3.24492
stjal	1.89636
involvert	-2.11093
koster	3.76595
kostet	-0.07083
spissen	6.31179
koste	0.94199
skjøt	2.94801
sikte	-0.48587
sammen	1.61744
ifjor	-0.13815
satser	3.86338
nord	1.74928
rana	-2.60686
glede	5.05717
satset	2.91972
kvalitet	2.83904
asle	3.15512
nært	1.90757
hønefoss	7.07505
bunnen	-3.01734
pensjon	-2.59297
varsom	-6.22288
husker	0.41084
nære	0.52308
tegnet	1.26068
politifolk	-5.73232
treneren	4.58037
retten	-7.68270
søgne	-2.48029
banken	-0.18539
erklært	-7.41156
søk	0.10654
johnny	2.93146
påført	-8.84602
påvirke	-4.27677
tromsø	2.44603
lærere	-6.39556
banket	0.86140
sør	1.22377
banker	1.22421
veksten	-2.73549
praktisk	3.01875
miljø	-0.17341
besøkte	2.93977
petersen	-1.49222
september	0.46244
forventet	1.89994
fengsel	-2.11600
forventer	-0.95308
privat	-2.30669
styrtet	-12.90425
medisiner	-5.67378
kvadratmeter	3.62087
treffer	1.25400
bolton	0.84587
club	6.83621
populært	0.17624
europa	-0.88917
lykkes	0.98555
plusone	0.00000
brukere	-1.52209
virkeligheten	-7.24407
rart	-0.35154
pakistanske	-10.23948
angripe	-7.05107
båter	3.45086
egon	5.02843
omfatter	-3.15878
amerikanere	-4.37305
camilla	2.50586
krevde	-5.14210
båten	0.82562
musikken	5.95913
danmark	2.84045
trekker	0.78251
trekkes	-2.53514
none	-4.03402
begynnelsen	0.92165
overlevende	-7.93149
bestemmer	-1.63160
jonas	4.15441
ulike	-1.79917
liter	6.27885
pådro	3.39004
blad	-3.12134
kalle	-2.46243
innrømmet	-2.35662
liten	0.63207
innrømmer	1.10229
kvinne	-2.59928
madonna	-0.26681
hjemmelaget	10.00583
fornøyd	8.33569
arrangement	4.65389
inntil	-2.05951
frankrike	6.65379
stilte	0.72199
butikken	-0.00837
butikker	2.37229
anmeldelse	-1.32934
sommeren	3.20200
høyt	0.52424
risør	-0.21017
guiden	3.60098
næss	-0.07273
bayern	1.99289
arild	0.79037
marit	2.86007
formann	-2.19969
tenkte	0.49728
valgkamp	-1.78870
fylt	1.93574
åmli	24.02063
skrå	9.50223
advarte	-9.74254
effekt	0.64915
ciljan	3.98067
skremmende	-4.30613
fyll	0.66544
fortalte	-1.25617
organisert	-1.73080
annonse	4.54303
kursen	1.07664
totalt	1.99483
semifinale	5.49905
problem	-4.45034
drillo	5.57956
daily	-5.31860
nesten	0.50645
mye	0.73432
ambassadør	-1.56970
totale	0.95146
rask	4.28311
festen	7.31988
utvide	1.85275
høye	-1.32707
festet	-2.06117
kalkulatorer	-4.31469
bokmerke	-9.89496
utspill	-1.65964
deretter	1.69329
nyhetskilder	-23.92955
behandle	-5.93073
knutsen	1.89601
tradisjonelle	-1.32421
seieren	12.00079
nye	0.94959
uefa	0.72707
romania	3.15791
sittet	-0.75767
mottok	-1.56240
enklere	2.10457
sitter	-1.39002
eksperter	-7.21289
engelsk	0.95159
jakt	0.77812
jones	-0.77565
domstolen	-12.70294
hillary	-4.48383
avdøde	-4.50613
hovedstaden	1.47499
richard	-0.97265
slags	-3.10520
gazastripen	-10.91742
begrenset	0.87072
california	-0.98220
juridisk	-12.02262
igjennom	1.79827
artikkelen	-1.15072
hovedstad	-2.12846
tenker	0.73052
avisene	-1.63524
inne	0.10178
livstruende	-5.63048
burde	-0.91705
halvtime	6.27721
reklame	-6.02368
stukket	-3.65515
østlandet	5.16668
kokain	-3.38326
forsvaret	-1.78527
hetland	4.02506
forsvarer	-5.52057
snakker	-3.31021
israelske	-8.20837
monica	0.06545
snakket	-0.36520
eva	-3.59220
statssekretær	-0.23994
formiddag	-0.10498
brannvesenet	-3.62413
belgia	5.62889
lenker	0.52360
eus	-5.08511
teletilsynet	-13.87156
lofoten	-2.17715
stemme	3.85990
alkohol	-2.69681
oljen	2.28592
drept	-4.93520
avhør	-7.72069
hverken	-3.90346
ifølge	-3.91868
egne	-1.63885
young	6.52745
selger	-3.07275
selges	0.27560
drepe	-6.81403
andelen	-4.17320
finnmark	-3.76618
svenskene	-0.66117
tvert	-5.79194
tvers	0.62875
mening	-2.04125
randi	0.60399
skritt	0.45116
lokalt	-1.61145
angrer	-3.10659
stemte	-2.22212
regjering	-1.56001
epa	2.22934
solli	-0.20058
angrep	-2.28443
feire	8.19339
skifte	1.21529
svekket	-5.58588
soldat	-5.89359
rbks	8.69114
kalte	-9.39236
tenkt	0.75053
morten	4.71027
foreta	-2.21926
håkon	3.94016
avdelinger	-7.88769
vest	-3.39102
gården	4.06432
borte	1.84135
ntb	2.83736
kjøp	3.21165
sjansene	7.54897
skrive	-0.96584
wenger	7.08989
drepte	-4.68008
alder	0.87900
lokale	2.09974
nordmenn	-2.94320
følelsen	-2.54393
følelser	-4.07831
grønne	3.20179
nsb	-6.62707
fersk	-1.21501
www	6.04807
signert	8.99879
politikere	-5.25712
forsiktig	0.62852
hvilket	0.57989
spansk	7.00174
dnno	-3.80028
voldsom	-0.13192
knuste	4.19694
nrk	-1.83610
opplyst	-3.10155
verk	-0.11304
måtte	-0.83993
sikre	0.86938
enkelt	2.95816
regnes	-3.27148
regnet	0.28545
regner	3.37129
ofrene	-6.83725
tenke	-0.86795
sverre	3.16852
general	-7.31624
valgt	-1.46800
gerrard	13.20039
spurt	1.18222
egil	3.53507
tillatt	-5.53014
reaksjon	-3.73278
bygninger	-0.94567
milliard	-2.65683
aftenposten	-0.64861
direkte	-0.96740
legge	0.60662
industri	-5.79312
eks	0.07990
ishockey	0.86902
info	1.61208
mill	-0.57189
babybildene	-13.01193
klokka	-1.32855
rolle	-2.38168
likte	0.70342
bygningen	-2.36397
kommentere	-0.75226
tribunen	2.99599
eli	-0.04443
sporten	-1.10338
faren	-5.03623
noe	-2.22909
føreren	-5.05258
kommentert	-1.14717
nok	1.84497
krone	-4.45542
nøyaktig	-0.43077
everton	8.64334
problemet	-6.30928
problemer	-3.45756
solid	6.19245
nor	0.00000
slapp	1.82694
merkelig	-3.02440
nov	-0.77984
utvist	-0.26293
skadde	-6.19953
kypros	2.60777
mann	-0.50513
aldri	-1.87645
reaksjoner	-5.56702
halvår	-1.78717
hittil	0.56553
bystyret	-4.32676
folket	-4.59069
legen	-6.41693
forfatter	-2.14568
leger	-5.44265
turneringen	10.85735
universitetssykehus	-4.88811
nettmøter	2.61620
arafat	-10.42358
mistenkt	-7.32109
kundeservice	-5.59149
inge	2.37368
kristin	-1.36143
skaden	-0.74828
egen	-1.70989
skader	1.74647
krisen	-7.65814
pressekonferansen	2.17169
skadet	-1.76605
aksje	-1.97691
fotballforbundet	1.10845
keeper	8.71673
skje	0.43515
midnatt	0.88411
eget	-2.30449
ranet	-6.31671
bedrift	-2.24481
venn	-0.40548
grepet	-4.77121
sharon	-6.89762
fotballforbund	2.37237
bagdad	-5.00490
offshore	-4.04990
vekt	-0.80621
annen	-1.88970
konklusjon	4.90787
egg	1.80357
skip	-3.35984
moderne	-0.40941
detaljer	0.40647
partier	-0.75207
nødvendigvis	-4.58516
vekk	-1.61611
arbeidsplasser	-4.07202
partiet	-2.38242
meningsmåling	-6.60874
aamodt	4.61996
bildeseriene	-6.25340
maritime	-1.06591
annet	-1.05916
fotballen	2.55831
venner	0.44878
vondt	-4.91423
terrorister	-14.17500
asylsøkere	-5.12004
mark	3.60837
opprettet	-2.20322
mari	1.38216
behandlingen	-5.75132
forhandlingene	-2.88689
mars	0.52897
velg	0.41235
hyggelig	13.54832
dekning	-0.82135
verktøy	-1.65805
rolig	3.05851
beboerne	-1.22875
fungerende	-5.64517
pettersen	3.94721
vurderes	-5.38377
høring	-8.57342
alderen	-1.16407
vurderer	-1.76707
lykke	4.20566
fløy	0.68441
restaurant	9.03588
mobbing	-11.96761
unødvendig	-2.32488
eksploderte	-3.10170
lærerne	-7.67972
semifinalen	7.71845
vinden	1.22149
tyrkiske	-1.92970
premiere	0.35481
vakkert	5.48577
flertallet	-7.27096
skryter	11.52717
æren	7.11688
forventninger	2.98422
spesielle	1.55383
gaten	-1.81608
prøve	2.27638
solgt	5.19269
prøvd	-0.24275
innbrudd	-1.38722
egypt	-0.80131
tider	0.79418
blod	-7.89047
tiden	1.68583
solheim	1.50282
sannheten	-7.28429
stjernen	-0.23475
fastslår	-0.78724
medisinsk	-4.73070
åringen	1.57096
stjerner	3.90842
kristne	-8.77985
total	-1.27455
torstein	0.00240
fisk	2.34153
selskapene	-1.48675
ferdig	6.61263
frem	-0.07754
demokratisk	-5.64372
snitt	4.52135
indre	-2.85261
fred	1.09028
ødelagt	-6.46513
avlyst	-3.57407
amerikanske	-4.10504
comeback	4.23091
kronikk	-4.32846
johansen	2.03777
tønsberg	-0.97117
arrestert	-6.84915
snart	1.27604
hollywood	-0.53283
gis	-4.49341
produsent	2.81686
gir	0.91451
sikker	3.24060
tredjeplass	4.50575
godset	1.55045
øyslebø	0.00000
normalt	-0.81239
produseres	-1.74598
wbr	-3.40817
sanger	7.21068
flyet	-7.03424
oppgaven	1.96013
oppgaver	-0.34771
stige	-2.92118
synd	-1.68170
positivt	3.06945
kritikken	-8.41954
midt	0.70692
barnet	-6.32655
sand	-0.76731
sang	9.51885
syns	1.52691
bærum	-1.92877
skyter	2.84731
web	-4.59866
kanalen	2.42944
systemet	-3.20067
bård	1.91433
sank	-3.24786
serie	1.88466
sant	0.53047
kanaler	2.42549
åringer	0.67864
vinner	5.01110
johnson	2.57097
promille	-2.55591
skutt	-2.34894
opplysninger	-4.57630
syke	-7.61490
farsund	-4.53690
deilig	10.76108
simen	5.92749
medlem	-4.27998
råvarer	7.56748
enorme	-1.01003
mike	1.37576
stortingets	-7.05936
who	0.00000
dreier	-2.66907
innebærer	-3.60672
pause	10.35518
bredt	2.28915
vannet	-0.90850
lederne	-5.25505
underskudd	-8.11124
tangvall	-5.57241
feiret	6.40469
feirer	4.25881
velgere	-2.44030
forklarer	-0.54627
påsken	4.80945
samt	2.06368
frie	-2.36635
enormt	3.14081
salg	-1.57835
kundene	-0.17888
aksjonen	-6.44380
brede	2.60027
oppførsel	-8.10517
stakk	0.27487
hjemmebane	7.11537
fyller	4.17965
stolte	1.25738
filmanmeldelser	-4.31218
aker	4.54299
etterforsker	-10.12823
utfordrer	2.71026
område	-1.24239
betyr	-0.31423
foreløpige	-4.97924
åstedet	-2.93019
odd	5.23484
hverandre	-0.80596
evne	-4.35588
salt	9.57673
kinesiske	-6.32453
stockholm	1.68660
irakiske	-9.50185
former	-4.72259
løslatt	-3.15734
redigere	-7.16615
barnas	-2.02643
typen	-3.75585
england	6.07261
leverer	0.54725
style	4.44381
greier	-1.99013
formen	5.32558
sider	-3.65426
bygger	-3.42175
leveres	2.31417
bygges	0.03372
typer	-2.59133
bygget	1.26065
utdanning	-4.56860
nede	1.89044
flyene	-5.57931
nyhetsbrev	0.37511
våren	2.86580
lørdag	4.58773
billig	4.61550
medarbeidere	-0.73659
libya	-10.15819
mente	-1.12392
stilt	-3.28856
rederiet	-5.37822
stand	0.52784
papirutgaven	6.84726
regjeringens	-3.82298
greide	-0.89185
ekspert	-0.39303
ragnhild	0.99034
tanken	-3.13322
markedet	0.02369
taliban	-10.29854
akkurat	0.49366
tanker	-1.11015
styrket	-0.04547
thailand	0.08267
førde	-2.55932
reisetips	12.16320
stian	3.46296
tungt	0.45331
lagene	4.25825
forsøkt	-6.69118
halvparten	-3.05188
pasientene	-9.01209
utarbeidet	-6.62375
tunge	-2.00061
ekteparet	-1.97305
tiltalt	-8.63213
personene	-6.07895
mørke	0.56473
ring	2.88118
vladimir	-2.38074
opdal	6.47126
opplevd	-3.69082
oppleve	0.37035
flotte	8.94660
banen	7.01488
gunnar	5.65418
museum	4.68503
homofile	-11.80006
hverdag	-0.08884
dømme	-1.24792
kunst	-2.80105
utløste	-9.90254
islam	-13.07944
vedtaket	-1.86383
erstatte	-3.38595
styrker	-4.59259
skjønte	-3.16742
storslett	-10.73533
styrken	2.68394
posten	0.71898
bekymret	-5.95085
natten	-2.47165
nasjonale	-0.66968
talent	4.88507
handel	-3.10535
døra	-0.96510
prøv	5.41688
drammen	3.37909
fylke	-2.47360
vestfold	-3.94261
jackson	-2.51032
besøkende	1.69539
tiltale	-6.83697
måter	-1.90025
kulturhus	0.57614
måten	-1.55396
dollar	0.16328
slippe	-1.19839
kjæresten	-0.78125
sjøen	1.82711
kjempe	3.35020
korte	2.15406
uttalelser	-5.54633
rekorden	9.12468
interessen	4.19209
spanske	3.24863
representerer	-4.89676
interesser	-5.88097
undersøkelse	-7.07623
forbeholder	-3.70277
hytte	2.96268
sigurdsson	6.22027
håvard	2.64001
grunnlaget	-0.44155
hytta	6.18034
konstaterer	1.15347
masse	3.95592
hangeland	6.77546
finanskrisen	-2.71017
rød	0.98943
fylle	2.16816
nasjonalt	-4.52998
uttalelse	-5.86885
søndagens	9.83402
etterkant	-3.88630
mesterskap	3.98107
molde	5.92688
syntes	1.36412
cirka	0.43839
rødt	3.86394
yngre	0.37024
praksis	-3.16094
synlig	0.13248
kjersti	2.99785
lederen	-4.11513
omkom	0.27136
røde	1.73257
kampstart	1.83794
tokyo	-3.14747
hagen	1.25935
idol	-0.06224
steget	1.91459
portugal	8.51960
jarle	2.77800
flink	5.00791
tåle	-2.21303
tilsier	-2.09908
hammerfest	-9.70291
russlands	-1.60022
produsere	-2.27950
konsert	8.87654
frps	-6.56033
nummer	4.61147
betinget	-8.87563
liker	0.07227
produsert	-0.82141
satt	-0.59789
presenterte	1.10817
bør	-2.69297
toppserien	-0.87121
brudd	-4.80360
lagets	7.25070
armstrong	4.55543
clinton	-2.68956
evakuert	-4.74451
imot	-2.58168
bilder	0.26209
lettere	-0.32592
bildet	-1.25924
ungdommer	-3.10113
rise	4.68589
velgerne	-1.01284
inngår	-3.01018
øynene	-1.33087
driver	-1.64241
muslimer	-15.54322
dialog	3.56484
vinne	3.12518
savnede	-6.96612
heidi	1.98740
ulykke	-7.26406
roald	4.51875
solveig	1.61652
standard	2.89328
tsjekkia	2.53852
arne	4.40143
arna	3.12369
tåler	-0.06116
israels	-13.16117
hoven	2.65644
prins	0.05612
avslører	-0.80191
erkjenner	-3.63995
målet	5.56830
foreldrene	-6.03319
rita	2.36780
seinere	-1.77913
dobbelt	1.95593
handle	-1.80382
tipping	-0.68152
mattilsynet	-8.80498
aktivt	-3.87567
lure	-2.71652
familien	-0.24910
byene	-1.02313
lovende	7.66491
framover	2.75194
slipper	0.13901
kutter	-4.40269
ekstreme	-4.93924
kuttet	-3.06949
byens	3.78638
aktive	-1.36530
hjertet	2.22709
registrert	0.90036
johansson	5.31554
endt	1.21287
timers	0.34517
drøye	6.01631
fyr	1.24549
sveriges	-1.37772
organisasjoner	-7.77185
sentralt	-0.70209
ekstremt	-0.62312
sikkerhet	-4.42914
sentrale	-1.41596
organisasjonen	-5.71537
haga	4.57115
rimelig	4.11069
centimeter	0.69309
ende	-1.43229
london	2.64220
ganske	1.46426
leverte	5.68998
yngve	1.61453
statsminister	-4.32607
forståelse	-5.32429
enda	0.29264
statoil	0.18277
kjevik	0.50608
frå	-5.78019
eksempler	-5.26110
fvn	-10.12087
pleier	3.57941
digital	3.13823
startside	-13.15323
midtstopper	6.32149
motor	7.69534
drøyt	3.25378
festival	5.21525
palestinsk	-11.09399
svalbard	3.17079
klubben	5.80438
bærer	-2.62880
noensinne	2.15208
klubber	8.58406
tingretten	-12.42480
beslaglagt	-7.31096
news	-5.81603
triksevideo	4.53547
mangel	-10.01927
bidratt	-0.87646
steffen	9.56267
kvinnens	-8.83944
næring	-5.13863
skyld	-6.83952
offentlige	-8.03316
rakk	1.90566
mulig	-0.04113
følger	2.05710
offisielt	-0.86255
krysset	5.63551
kvinnene	-5.53982
kontakt	-0.92884
dømt	-5.54194
taket	1.74867
løfter	0.59601
aller	3.95941
scorer	7.63208
kongsvinger	7.26905
bransje	-4.11336
scoret	7.34663
kodeord	-3.87772
kontroll	-2.31303
faller	-2.56309
politidistrikt	-5.65309
løftet	0.61736
påtalemyndigheten	-11.64228
flyktet	-6.82746
etiske	-8.66665
arrangert	3.76060
spørsmål	-1.57253
size	-2.16689
tallene	-1.21470
såkalt	-3.68311
høgmo	4.08718
varslet	-7.06100
varsler	-5.45105
minne	1.29261
gjennomføres	-2.85330
inneholdt	1.09834
samfunnet	-8.47567
oppsiktsvekkende	-2.41005
perfekt	6.67620
farlige	-0.49709
endringer	1.17190
formue	-1.66202
nett	1.58471
tabeller	-0.25038
fre	-5.40436
fifa	1.86860
kandidater	5.36631
tabellen	7.11166
dumt	-3.43882
fri	1.40910
løsninger	-0.13190
beskyttelse	-5.99834
opplyser	1.74419
demonstranter	-14.30710
fjernet	-6.76513
motta	1.16763
deltar	1.20535
arve	0.19226
hvorvidt	-3.97991
brukt	-2.41602
ryan	5.30688
fører	-9.07006
ellers	1.51072
sydney	3.17778
løsningen	-1.66305
nestleder	-0.71750
nsson	6.98915
friidrett	2.83482
stanset	-7.77441
nest	2.08690
verdenskrig	-5.81853
jenter	-5.65139
veiene	-3.87416
lufthavn	-3.20183
astrid	3.78482
ove	2.56809
kommet	-1.16332
endelig	2.86729
marte	1.62169
lurt	0.65160
kommer	0.40471
utvalg	2.22407
bundesliga	4.41137
ekspertene	-1.38905
frp	-3.34903
dyrere	1.74600
populære	3.47880
rike	-4.12633
html	-3.42770
supporterne	8.91590
byremo	0.17263
via	2.11299
tjeneste	-5.71602
diskuter	4.70234
evje	-4.10991
kortet	1.67580
fikk	2.19048
vindu	1.74392
nederlag	-0.48017
punkter	-5.09098
krasjet	-7.92418
mener	-3.72786
seksuelle	-15.03711
norges	2.43401
kvinner	-6.10859
vik	2.61111
publisert	0.09153
vin	6.81911
trodde	1.09847
seirer	3.69601
eliteserien	4.46051
velge	2.13603
tillatelse	-4.82702
råd	-2.28980
førte	-2.40354
kvinnen	-7.36426
journalist	-1.54660
tilstrekkelig	-3.10162
vif	3.47484
plassene	6.51836
glad	3.94129
glemme	-0.75535
suksess	5.12604
tydeligvis	-1.28055
jobben	2.14261
kraftige	-1.97752
vis	2.78768
jobber	-0.65792
styre	-3.49744
jobbet	3.43761
museet	1.85573
kronprins	8.01097
færre	-2.08302
inntektene	-0.03918
skaalmo	-16.84915
takke	4.12826
cuba	-3.09270
villig	4.70446
selskapets	-4.17305
innsatsen	3.25980
enkle	3.11141
høybråten	-5.44476
enig	0.49791
ord	-3.72977
innom	5.92263
pressen	-3.25769
aktor	-10.75378
haugland	-1.20295
norway	6.22962
fvntv	9.02548
braathens	-6.84099
stoler	-3.83725
presset	0.38551
ansikt	-4.74166
jevnt	7.40064
politiadvokat	-8.60514
videre	1.82068
stående	-1.30595
brent	-3.57718
døgnet	0.18716
india	-4.65860
boligmarkedet	-3.57521
motsetning	-2.02125
iveland	-5.11218
beløpet	-1.11890
skyte	0.26817
fns	-8.22759
united	5.04933
kaste	-2.32295
haakon	8.49548
gifte	-5.33722
avgjørende	1.70860
dessverre	1.13610
skille	-5.76418
carew	13.08420
article	-6.78492
heldig	9.75652
kapital	-6.42658
snakk	-2.14516
fall	-1.47946
intervjuet	-3.04615
intervjuer	-0.36120
eksisterende	-4.32997
samboer	2.83146
nyttig	3.28482
skeptisk	-4.37205
ola	4.11021
falt	0.04311
old	3.39514
klær	-1.36951
rekdal	3.48286
sjef	0.13878
stortinget	-4.23796
sommer	3.82089
valencia	2.86268
elsker	1.40410
ole	5.42582
utbygging	-3.78777
audition	-0.87654
aftenbladet	-0.10002
lund	-0.91155
grand	7.77845
meget	4.41886
positive	1.46265
korea	-3.06860
aktiv	-0.09530
midten	4.12207
enkel	4.17997
profil	-2.75097
omsetningen	-1.27415
sørget	5.98460
finn	-0.52104
såret	-5.04585
trykk	0.17648
global	-4.51675
gjedrem	-5.52840
fint	9.92909
lettet	1.56278
tung	0.19045
makten	-8.55977
flo	3.78525
sørger	3.80271
sparebank	-3.01119
døde	-3.26177
fly	-1.78761
program	2.23429
avslørte	-4.38222
west	4.70737
okt	-2.01344
roser	7.32239
oksøy	-22.89491
stoffet	-1.19076
telefax	-18.08525
utelukker	0.90515
henger	-3.56133
fans	5.38532
fant	0.47254
lista	0.03775
fin	14.66101
beklager	-9.18514
liste	4.65852
oppdaget	-3.31353
nådd	-0.23071
båt	0.59005
larsen	2.53107
toska	-0.84710
von	-2.82509
palestinere	-12.00156
ljosland	3.19324
york	2.02700
døgn	-0.65102
takle	-2.89933
widget	-6.01381
fine	11.28325
umulig	-2.30121
sarpsborg	5.42954
film	0.78061
brutt	-5.80684
sandberg	-3.75464
silje	4.27711
minutt	7.20010
henriksen	3.04764
nasjonal	-4.02577
katastrofe	-3.64910
australske	-0.43283
familier	-2.41710
inkludert	1.09345
åring	0.36097
bekrefte	0.15138
utfor	2.22974
tillit	1.08692
sesonger	5.57507
industrien	-5.77607
sørge	0.54368
sesongen	6.11697
onsdagens	4.30944
flaks	1.49341
trente	2.91795
wien	4.22157
utsatt	-8.77308
styrke	1.52046
informert	-1.85731
svensken	5.21553
påpeker	-3.69445
linda	0.84013
kontrollen	-2.90225
håndball	2.55009
vgs	1.34444
beste	6.06231
time	0.79364
barn	-6.31213
lufta	-2.28288
periode	3.23825
sjanse	7.46306
mulighetene	5.66850
løfte	1.64964
nordland	-0.06368
spennende	9.75640
komme	0.42348
video	1.95466
menneskene	-3.83818
annonsering	-13.48622
frihet	-5.98790
bortsett	2.86586
gjerningsmannen	-6.09046
fjerne	0.47392
vender	1.57885
utforkjøring	-4.43613
viten	-8.70589
svolvær	-3.88538
tine	-2.00515
felles	-2.07207
ting	-0.37907
politistasjon	-7.38471
alex	4.30005
artig	7.76864
måneders	-1.10698
gunnerus	-15.66625
trodd	-0.81409
politiets	-7.70315
synger	3.28703
prinsesse	-3.07062
maten	0.56538
hanssen	-4.32149
vet	-0.98123
musikkanmeldelser	-3.35025
sosiale	-3.22461
forlag	-3.34457
feltet	6.55894
scenen	4.98542
skattelisten	-7.78319
produksjon	2.09576
står	0.16123
nettprat	-1.03463
setter	0.15261
klepp	4.64032
behandling	-4.14257
vidar	5.66677
utvikle	0.67600
gøy	9.85087
førerkort	-5.36953
kongressen	-8.31452
maskin	2.09573
sporet	2.63689
vei	1.96371
vel	0.91663
palestinerne	-9.10692
hove	1.14410
riise	6.93619
spillerne	2.58935
bussen	-4.81361
utstyret	0.89221
hægeland	0.49577
stedet	-1.94153
steder	-1.60897
komit	-3.99860
målene	4.08541
sparket	-2.59047
angrepene	-10.74073
sparken	-2.43973
bane	6.12795
forhandle	-3.27675
gjennomførte	1.82009
aftonbladet	-6.71194
lokaler	-0.09831
band	9.07524
pinlig	-3.69516
kritiske	-5.81535
fatt	-1.06130
bank	-1.93078
firma	-2.49126
månedene	-0.33328
benytte	1.64717
fotoalbum	-3.75130
kapteinen	3.00247
settes	-3.39997
fordel	0.76653
dag	0.48396
antall	2.37777
rally	2.38236
flyktninger	-7.36784
forbudt	-7.06416
definitivt	2.43088
hentet	1.43141
lesernes	4.97751
dan	-2.37942
øyeblikket	1.42774
henter	1.42274
mengder	-4.76814
jorden	-1.81671
fast	-1.54013
skuffet	1.78927
gård	2.75688
cultiva	-5.43927
møttes	3.55319
tjenester	-5.99344
van	5.44574
albumet	8.88758
hopp	7.35126
bill	-1.09440
tjenesten	-2.57125
talt	0.80888
kari	1.01613
fare	-5.36546
innledet	0.28693
avviser	-5.96250
foreløpig	1.35574
sesong	5.92614
undertegnes	2.41510
ventet	-1.50764
kart	2.41327
lag	5.62638
uenig	0.14221
venter	2.76236
tale	-2.78409
ventes	0.94849
kontor	-1.88668
tvnorge	-0.99180
fart	5.10821
karl	-0.24566
lar	-4.07132
kristoffersen	-1.09666
tall	-1.55769
orkla	-2.79791
tilfeldig	-1.60662
lav	-3.76572
april	-0.14046
årlige	3.39381
hjemmeside	3.89648
kontrollere	-3.40781
avstand	-3.35517
rådet	-3.96590
vokser	-2.97719
nylig	-1.19567
photo	2.34909
voksen	-2.40641
varmt	4.07598
åge	7.25714
klassiske	0.86513
ansvarlig	-1.87196
kronprinsen	11.46573
folks	-4.85537
rommet	1.52340
kollisjon	-0.91062
gått	-0.95869
veltet	-5.85905
styreformann	-1.58076
rødgrønne	-2.41829
ressurser	-3.44263
blodig	-6.83043
takk	10.28041
lider	-6.40132
cup	7.16289
aust	0.76575
bedriftene	-3.97044
varme	4.37107
temaet	-3.06473
artikkel	-5.80996
kvinnelige	-3.23735
greie	1.54336
åpenbart	-5.32650
føles	2.82501
tweet	-3.35325
føler	-1.99236
risiko	-4.72704
frivillig	-2.84617
sviktet	-3.61296
jordan	-2.65218
bytte	-0.14650
barnehage	-7.08311
hold	0.90365
følge	-1.62061
holde	0.18857
vitne	-7.41416
styrte	1.97324
kirkens	0.02613
munnen	-2.29145
prisene	2.21656
frist	-0.03908
midlertidig	-0.69229
forteller	-0.88752
øvrige	3.55059
historie	-0.99403
http	-0.14691
jesus	1.44858
fredag	2.15079
arkivfoto	-2.06891
forkant	0.14610
frisk	8.08363
holdt	1.46903
raketter	-5.73700
generasjon	-1.41823
gasellene	-12.31241
unna	1.06130
tape	-0.04354
visepresident	-0.35920
svein	5.01365
uregistrert	-3.03157
mannskap	3.07556
fritt	-4.83036
quiz	5.59014
minner	-0.79725
årsberetning	-10.70980
holm	2.42266
senterpartiet	-3.29296
tapt	-1.86704
flyttet	2.08680
kvinlog	3.25392
flytter	0.96025
linje	0.64976
serbiske	-6.76427
trussel	-8.45124
xbox	-3.02407
teknisk	-0.47476
lyder	-2.72790
kontoret	-0.55386
vegusdal	2.04055
petter	4.21008
østfold	0.85315
fjerde	3.34792
psykisk	-4.32756
valuta	1.12054
avisenes	0.38597
kunnskap	-4.36420
politimann	-3.24190
kjente	1.28163
sykehuset	-3.36039
sykkel	1.51030
gruppene	-6.12856
talsmann	-4.91982
helgen	1.69273
spilleren	6.64934
arkiv	-3.04037
undersøke	-4.16374
firmapost	0.00000
informasjonssjef	-2.01544
befolkningen	-8.28681
herefoss	-2.59497
muligheten	3.35731
tapte	0.56775
skriver	-4.78699
antallet	-3.62491
staten	-5.56916
twitter	-0.06101
forlot	-0.45797
hoff	5.18357
trafikk	4.48177
idrett	3.52637
hjemmet	-4.72782
kommentar	-0.79901
miller	1.84594
henholdsvis	4.17745
års	-0.08774
minus	0.17858
etterforskning	-9.34638
sinnes	5.61632
anledning	5.15111
henning	6.52483
volden	-11.76257
stavanger	0.71236
escenic	-4.17288
åra	-4.53326
ukjent	-1.38882
undersøkt	-9.11308
politikerne	-4.85212
kjøring	3.39060
muligheter	2.91209
livet	-2.28916
antatt	2.23377
akershus	0.75889
hensyn	-4.44675
krav	-4.31038
fjellet	2.22840
forskjell	-1.30521
dyreste	1.17057
informasjonen	-6.91150
matre	5.40248
tatt	-0.75666
hendelser	-6.35362
skipet	0.10163
kritisk	-7.79665
nedgang	0.12239
hendelsen	-8.66985
oppdrag	-1.48331
skiftet	-0.85223
medisin	-4.76869
eksplosjon	-8.84887
utlandet	0.00988
året	4.02294
tiltakene	-6.19966
julaften	3.57184
italiensk	6.46813
tilbudt	-2.08607
alta	-0.89363
minst	-0.42057
resultatet	0.86829
arabiske	-7.10925
resultater	5.63888
varer	1.75225
plakatens	2.94355
greit	1.78042
voksne	-4.72413
bandet	7.73321
glimrende	13.34460
dramatikk	-3.89532
kvinnelig	-4.88635
tips	0.78316
tidspunktet	0.22377
økte	1.88571
heldigvis	-1.85283
navnet	-0.22858
kjenne	-0.58707
overbevist	-0.60473
hund	0.53065
handlinger	-11.71168
forsøkte	-3.76441
treningen	1.45094
bomben	-2.33414
bomber	-6.98200
ivar	4.09369
aktuell	6.11299
kommunens	-3.47432
trolig	-0.32979
feeder	-0.69854
oppgave	-2.36963
avviste	-8.89863
portefølje	-7.33017
aktuelt	3.57439
riktige	1.19499
hunden	-1.86687
alvor	-1.99347
kommunene	-2.38534
models	-3.72003
kundesenter	-0.32178
hunder	-1.78988
utsikt	7.54305
professor	-9.08963
los	0.84356
lot	0.44195
modell	1.03825
lov	-2.67041
hotellet	2.88457
telemark	0.36904
tross	0.14394
unge	-2.09004
måttet	-2.93667
jørn	0.27188
studenter	-3.56158
datteren	-1.59147
mindre	-2.31603
usa	-2.95675
jagland	-2.20240
skolen	-5.05148
måneden	0.66719
forsikrer	0.84023
stykker	-0.14394
oslo	0.42081
kunnet	-4.05921
baby	1.29689
verdens	0.71303
ekteskap	-6.75420
avgjort	4.62636
holder	2.48272
holdes	-2.25330
fryktelig	-5.96044
konklusjonen	-1.08442
uavhengig	-4.89625
back	6.97476
ute	-0.51424
alexander	7.01799
situasjon	-4.84741
rosenborg	6.63002
nekter	-3.83831
stabil	3.67420
nektet	-3.77962
cnn	-9.52435
brødrene	0.62185
johannessen	1.07074
måneder	-0.99959
skoler	-3.82453
jensen	0.90110
smak	5.52255
planene	0.35399
laveste	-1.94816
regionen	-1.25470
ettertid	-3.16865
skudd	7.18873
com	2.16354
oppfatter	-7.68813
smil	5.71357
kjendiser	-2.08679
kabul	-1.68694
bedriften	-1.72066
sports	7.84905
korrekt	0.29441
treffe	3.84617
hente	1.50723
oppfattet	-8.85549
bryter	-6.12504
landslagssjef	6.84558
resultat	2.08763
troms	4.69735
robin	0.68251
bedrifter	-1.43134
innsats	1.63281
foreslått	-3.03399
ntnu	-3.49286
presentert	0.78875
lsk	10.11655
select	-5.20429
forhold	-2.34818
karin	-1.39442
sykehusene	-12.52432
oppfordrer	-4.65958
innflytelse	-4.11588
oppfordret	-6.73532
eiere	-1.78252
ålesund	4.42079
bøker	-1.51428
forklarte	-4.75885
flertall	-3.93579
fredrikstad	7.42401
uro	-6.69300
prisen	3.07752
sammenlignet	-1.27920
amerikanerne	-5.23581
gjør	-1.17013
trond	3.63131
priser	3.82508
sukker	-0.78418
presseskikk	7.49841
plutselig	-0.60757
dramatisk	-2.82164
christer	3.68991
russisk	-1.02092
løpet	3.61730
scanpix	3.13189
løper	4.72479
tilhengere	-3.59843
hull	1.77356
holmer	1.10249
henry	3.29528
kraft	-2.52917
verden	-2.78443
øverst	3.65766
kutte	-6.24671
utenriksdepartementet	-3.60713
utland	-2.07962
dagen	0.68186
sportsdirektør	6.57151
klaget	-7.27064
blair	-1.92314
dager	0.44265
klager	-6.81706
juryen	0.35767
lunde	1.75217
bodde	0.07693
ambisjoner	3.61895
uansett	-1.02645
skaffet	4.64321
berntsen	5.90582
kritikk	-6.17571
ender	-1.05129
voldtatt	-10.89400
person	-3.89556
selve	-0.84987
igjen	0.41872
karriere	5.11141
skolene	-7.39979
klokken	-0.74636
kjæreste	-0.30696
tilknytning	-1.83125
svakere	-3.91827
fjor	2.63305
einar	3.98199
million	-0.55700
stopper	-1.92913
soldater	-5.20695
årst	13.92174
tunnelen	-5.67603
stoppet	-1.28773
fått	0.71664
trafikken	-0.00954
skuespilleren	-1.40865
warrants	1.99809
budskap	-2.33505
ung	0.26189
demokratiske	-2.86520
imponerte	7.04389
krise	-5.07430
trenden	2.85409
mohammed	2.21577
godt	4.38159
avhengig	-2.20640
sveits	4.72211
bære	-1.76810
funnet	-0.61098
kaos	-3.48131
halvorsen	-0.19739
hjelpe	-1.08890
gode	4.67149
uke	2.39685
uka	2.61662
delstaten	-4.37501
tide	2.45592
beredskap	-7.76662
utenlandsk	-5.24959
fortsatt	1.30952
fieldset	-11.37807
tida	-0.88976
etterbørs	-1.29697
ball	2.26564
anthony	-0.21725
post	-0.14337
vanlig	-0.22248
semb	6.01164
les	-0.38927
nettstedet	-2.71238
nettsteder	-2.68767
ler	4.97713
grimstad	1.60695
fremme	-2.46018
blant	-0.32383
innbyggerne	-3.81108
fortsetter	2.01559
viktig	1.11407
lei	-2.27374
motstander	1.62344
aksjene	-1.05729
ulf	1.35726
aviser	-3.46630
lee	-1.03092
avisen	-4.15606
northug	-0.68595
radio	1.69314
selvfølgelig	0.33636
vennesla	1.02844
ullevaal	5.95152
skjult	-7.34002
utestengt	1.30151
innrømme	-1.06258
takker	6.35509
kamp	3.88368
send	-1.63957
takket	5.69407
anklaget	-10.21075
anklager	-14.52133
troen	-0.96228
sent	3.15835
vikings	6.64281
optimistisk	4.21854
følelse	-3.00678
fotballmagasinet	-2.56030
bortelid	2.61662
konserten	7.49405
usikkerhet	-6.83447
status	-1.21501
utslippene	-8.34438
kalt	-4.45972
konserter	7.70083
junior	6.66713
redaksjon	-9.41385
powered	-8.25932
ulovlig	-7.44908
fremst	-0.25111
svenske	0.67981
protest	-5.97439
vurdert	-2.83096
opplevde	-2.56611
microsoft	-4.92318
forsøker	-4.22157
perioder	0.82308
perioden	3.02655
vegne	-3.05713
vurdere	-1.35954
temperaturen	0.34893
onsdag	1.04833
bardufoss	-0.71162
saddam	-6.07640
regler	-1.21445
nchen	-3.42587
håp	1.51478
leiligheter	2.05973
bevisst	-5.69155
kommuner	-5.80548
hundrevis	-5.06896
startet	2.90383
leiligheten	-0.86395
klient	-7.47793
kommunen	0.05591
regimet	-10.29968
liv	-2.12842
nedgangen	-6.80941
starten	2.42980
anslår	-3.89013
starter	5.20292
fortsette	1.65559
lik	-1.66526
spiser	-1.77524
opplever	-6.31579
lie	4.15696
globale	-7.75298
ungarn	1.81271
ryktene	1.93551
bror	1.49216
tror	0.20275
tidlig	5.40417
indonesia	-7.10620
avgjøre	-0.11318
møller	-0.96658
udi	-10.84350
usaklig	0.19213
endre	-1.82414
passasjerene	-7.65603
lesere	0.11972
atle	1.92102
irans	-11.85093
øker	-4.01189
header	2.46511
etterpå	0.04566
straffskyld	-5.37466
hospital	-2.92633
konsekvensene	-12.14689
berre	0.34464
gunn	4.26436
kevin	2.50861
brasil	3.58922
chelsea	7.49093
danne	-0.10366
mai	0.63343
fiske	1.91289
write	6.61131
dødsfall	-5.11435
mar	-4.61176
nemlig	0.16312
reduserte	4.02357
statsråd	-1.44193
starte	2.57125
may	0.66705
midtbanen	6.26074
avgang	-5.83691
pengene	-0.41141
eksterne	3.06684
mat	1.09040
hovedsiden	0.03652
mercedes	5.50656
scoringen	10.16122
årsak	-7.13974
bedre	2.88547
starts	13.24161
intervju	-3.50830
scoringer	7.96536
vinneren	6.11777
konkurrentene	6.22706
begynt	0.02111
studio	5.95574
tidspunkt	0.01486
ordføreren	-0.53156
gutt	1.39300
valgkampen	-4.60279
ødelegge	-6.44122
juventus	6.09898
pressemelding	2.52141
tjent	-0.33728
tottenham	6.77743
særlig	-1.17962
ytre	-4.15690
relaterte	5.65962
åpning	5.25077
eieren	-3.19712
konsmo	-3.06873
slåss	-2.84516
spiss	8.05689
kjærlighet	-1.30022
tjene	0.75612
lyset	-0.35589
ramme	-3.02021
tilbud	-0.20362
gjeld	-7.75534
utgangspunktet	-0.78203
oppmerksomhet	-1.58153
geir	1.74776
daae	-11.68744
interessant	1.13058
oslos	-0.53235
striden	-5.30430
representert	1.18159
australia	3.88086
innbyggere	-2.52322
marcus	6.01867
slått	2.45051
motsatte	-5.95888
bruk	-1.81697
island	3.52949
vente	1.30239
endelige	-0.68779
endte	1.96836
borgersen	3.07755
mer	-0.45652
vedtatt	-4.68476
skjedde	-2.28110
harde	-1.44854
internasjonalt	1.34944
reidar	0.59573
olav	3.09426
arbeide	-0.17583
festivaler	-0.94821
arendal	-0.19672
selskapet	0.61647
hardt	1.16894
tegneserier	-3.63439
moland	-0.70630
festivalen	3.63048
møtes	1.30653
slutte	-6.77842
danse	4.95532
aksel	3.94434
møter	0.24387
olaf	1.41696
selskaper	1.58925
årlig	-1.51050
forbudet	-9.56396
eggen	3.43872
dansk	-0.15033
møtet	0.96952
resten	1.17770
daniel	3.47826
børs	2.32552
street	5.84374
dyp	-2.51559
faktum	-4.11942
ellen	-2.88863
dyr	-2.61222
hjelp	-1.55893
fullt	1.20165
villa	10.88971
uvanlig	-0.92711
truffet	-1.83186
artikler	0.29144
vesten	-9.84267
avdeling	-5.42850
thoresen	4.22990
utenriks	-7.90491
møtte	0.99572
sommerens	5.52713
skikkelig	0.46188
oppgang	0.87936
investorer	-3.33986
forsvunnet	-7.73084
foreldre	-6.48394
hodet	-0.20238
internasjonale	-0.69326
såpass	0.71048
fornuftig	-0.87794
spille	4.56153
respekt	-0.42612
ifra	-1.63637
opplæring	-4.35636
fansen	6.05407
sandnes	1.09666
serier	0.48364
bøkene	-5.12177
mottar	-5.00969
elever	-5.28882
serien	2.77814
nyhetsoversikten	-0.59624
virksomheten	-2.12302
vilje	-4.80607
håpe	4.07188
høres	0.71165
nordlie	-1.49687
hører	1.69631
kvalifiseringen	5.46872
bryr	-0.54247
selge	0.89330
null	-2.36829
britisk	-2.43853
opprørerne	-11.39138
endret	2.64149
endrer	-2.59960
lyd	6.44771
fulle	-2.34516
dvd	2.86483
hemmelige	-3.05184
true	-3.05341
dersom	-2.40014
stilling	-2.78216
mandagens	1.05226
lars	2.37712
innstilt	0.50746
streik	-0.48548
spise	-1.01792
strålende	9.04018
gjeng	3.05376
provinsen	-7.64114
fordelt	3.76414
espen	5.01030
beina	2.75837
last	-1.72619
poeng	7.63215
oktober	3.08090
terror	-6.58288
samles	1.36462
manglende	-8.85763
pårørende	-6.35090
gult	10.86292
samler	1.20088
ganger	-0.83785
nivået	2.15816
peker	-2.86499
strøm	3.26168
strøk	0.32431
samlet	-1.88254
gull	5.29741
simonsen	-7.50487
suksessen	4.04992
overleve	-0.97240
gule	5.39509
konkurs	-5.39591
lyn	3.24795
lys	-0.31773
live	2.28196
latt	-2.05950
regelverket	-8.84552
peter	2.23407
prosentpoeng	-1.31253
stengt	-4.21697
mosby	-4.44644
tur	5.49440
spill	3.34714
daglig	-0.19200
gerd	1.06588
ære	2.59936
spilt	6.97001
blackburn	8.01875
statlige	-4.24750
tettey	10.42893
debatt	-2.60314
litteratur	-5.68353
sikkerheten	-3.73675
stenge	-5.06822
flyplassen	-3.81897
tilskuerrekord	7.89304
ansvaret	-1.81489
stemningen	2.23276
virker	-1.41659
miljøet	-1.32234
jack	-0.43493
virket	0.64374
forsvarsminister	-4.80363
arabia	0.51440
bernt	0.71388
tilbyr	3.01536
litt	3.73841
burma	-8.93484
tilsvarende	0.41383
epost	-1.72352
generalsekretær	-2.96487
japan	-1.36800
år	0.80315
lite	-0.51975
husk	1.50422
gårsdagens	1.68462
javascript	-0.11154
milliarder	1.00785
virkning	-5.58928
ideen	0.68509
lavt	2.76281
terningkast	3.13172
section	-5.30270
lave	-0.03040
fulgt	1.10367
spesiell	0.55458
navarsete	-0.74043
samlede	-4.41927
høy	0.67218
solbakken	5.12873
spesielt	1.12953
olje	2.02349
lise	-0.18454
hotel	6.03760
hør	0.27905
eierne	-3.17359
obligasjoner	-16.83460
bergens	-1.16048
slag	2.14587
gutten	-3.42825
anmelder	1.99680
dom	-3.22915
spilte	6.82196
andresen	4.93017
andreassen	4.53116
lagt	1.60935
gutter	-0.37634
trent	4.73279
pakistan	-2.83961
bestemme	-2.14354
dpa	-0.61324
låtene	6.92153
humor	-1.89023
direktør	-0.40216
utover	1.84348
option	-5.28894
områdene	-3.49930
trene	5.23951
ligger	0.49224
oppgitt	-4.94812
ligget	0.90836
moe	2.15912
representanter	-1.04827
williams	4.12027
arbeider	0.70213
arbeidet	-1.61142
content	-23.25526
salget	3.44788
rettferdig	-2.82497
mor	-3.54556
tro	-0.87926
nyheter	-2.24085
kirke	-1.55026
rasmussen	0.07674
nyheten	-0.14508
begrense	-2.13479
foruten	1.34777
trygve	6.92922
frank	7.75988
institutt	-3.33925
søknaden	-0.83553
høre	0.20746
data	-2.75591
farvel	0.50327
israelsk	-13.92164
vakthavende	-3.32854
sivertsen	1.04017
åpner	-0.09221
åpnes	-1.78115
dna	-7.85680
åpnet	4.26608
sportslige	5.65644
hørt	0.73495
dnb	0.64711
dato	-0.15379
adgang	-5.07498
foregår	-2.66682
historien	-2.95328
uenige	-2.39379
kampene	2.36067
synes	0.04366
synet	-6.55685
halsen	-2.39229
historier	-2.54235
russiske	-0.83596
høst	2.35792
kampens	9.42604
berlin	5.13828
avslutte	6.10325
kenneth	1.70205
harry	-2.46023
natur	-1.82814
beregnet	-2.09171
asbjørn	0.76013
student	-0.91750
berit	-0.08687
flott	10.97672
sæther	4.11672
forandret	1.25106
ranerne	-5.67440
krig	-7.21638
finnes	-2.77448
finner	0.10615
beslutning	-1.65181
width	-6.62525
nyhetsbyrå	-0.03708
agder	-2.82586
vanskeligere	-5.31558
overgrep	-11.05213
bloggen	-2.45935
trener	8.66442
regnskap	-8.50465
synge	3.69980
etterforskningen	-8.38657
drømmen	6.99527
alene	1.19402
reduseres	-6.78498
utgiver	5.40824
aksjekurser	-16.31158
drømmer	3.81542
strengt	3.76787
kjell	3.05832
hørte	-1.38857
adresseavisen	0.58929
manglet	1.36764
laks	0.65756
mangler	-0.83608
kontaktet	-4.04924
bronse	9.20214
steinar	4.51730
nytte	4.32821
grenland	10.05352
bestemte	-1.21838
berge	2.23304
teksten	-0.68217
tog	-1.96635
land	-4.03140
dramatiske	-3.38720
befolkning	-8.86675
realtidskurser	-10.16904
utfallet	0.67304
konkurranser	6.35876
overført	-5.27563
aalesund	4.85615
alvorlig	-6.30738
lang	2.45556
pent	6.09414
konkurransen	4.87088
sandvik	-0.04390
vesentlig	-2.84217
avgifter	-4.99541
dra	1.81053
tom	2.55158
tok	1.89988
kilometer	4.02190
gjester	5.51358
sokkel	-3.91219
tor	3.66855
deriblant	-1.59734
bred	-0.20280
arrangementet	6.15524
dro	2.91237
dans	2.99483
lille	1.82104
trengs	2.59272
runde	5.83984
inter	4.35938
stasjonen	0.86765
intet	-0.86481
demokrati	-10.21198
kåfjord	-2.54550
trekk	-0.42411
sler	24.18026
sjefredaktør	-5.41183
rundt	0.13057
slet	4.15016
buskerud	-3.09998
godta	-6.05365
pål	2.42675
forstå	-6.26308
omkomne	-2.89828
sandefjord	8.75776
varetektsfengslet	-9.86615
tøff	2.94634
tempo	5.67615
barack	-1.81294
preget	-1.74900
sannsynligvis	-2.95963
fokus	0.81025
center	0.23252
tøft	2.50198
anledningen	3.37130
behold	3.87928
anledninger	1.35259
brev	-5.72760
kriminelle	-9.28823
vinduet	-2.94132
skjervøy	-1.73850
privatøkonomi	-11.90689
støtte	-1.10982
dame	1.34344
hedmark	-4.05448
varmen	4.32729
usikker	0.13592
natos	-9.66778
andersen	2.41543
dårligere	-2.85214
tirsdagens	5.30416
middlesbrough	4.13664
david	4.81708
annerledes	0.12075
ledige	0.55367
smell	-1.91280
finansminister	-4.75811
des	5.89817
kino	-0.94043
positiv	4.39184
opposisjonen	-7.34548
mister	-5.97518
kina	-0.17552
munch	-0.87741
mistet	-1.99221
king	1.89074
otto	1.19990
private	-3.66133
solberg	0.85951
strenge	-4.00161
bjørn	2.03825
del	-0.77386
tilgjengelig	3.11646
vestlige	-10.68835
kjent	0.07343
mil	4.98768
hæstad	5.31750
advarer	-3.96699
hvit	2.92378
telefonen	3.11404
nordlys	3.20995
forhånd	1.87505
brenne	2.67836
plater	4.34349
medlemmene	-4.91721
forbud	-4.48025
etasje	5.98918
rapporten	-6.38906
soldatene	-3.75312
mistanke	-8.09281
rapporter	-7.66758
tlf	2.60942
digitale	2.30876
engasjert	3.03360
samarbeid	3.93863
hødd	0.56160
næringslivet	0.20780
jubel	1.39021
historisk	-0.00971
kenya	-5.58179
effektivt	-1.17333
hjemme	1.15867
marianne	4.07942
oppgjøret	5.20551
statsadvokat	-12.11358
martin	6.26829
korrupsjon	-8.40484
effektive	-2.42503
prøvde	-0.94827
marked	3.71103
franske	1.16439
øystein	1.45387
høsten	2.76950
nigeria	1.63766
øl	1.69064
ordentlig	2.25295
landskamper	8.06059
kilo	-2.53125
følte	-1.54929
prøver	-2.01287
svendsen	0.78483
kommende	6.17931
dahl	2.04911
gutta	4.27518
utøvere	3.35579
forlatt	-1.92935
aksjespillet	-10.56907
div	0.80208
hvite	-0.54048
expr	-2.53367
ordet	-9.26254
innlagt	-3.67367
stykke	3.89338
bygging	-2.88277
orden	-0.89685
forlate	-0.06445
dir	-12.60939
langsiktig	-1.55491
die	-3.81164
ettersom	-1.32685
fengselet	-5.50482
mathisen	3.77823
henrik	4.99366
fortjener	0.58228
restauranter	7.23294
hvitt	2.67232
dårlig	-7.39978
penger	-2.51602
mms	-0.66383
the	0.00000
heve	0.96827
politiloggen	-4.61082
selvtillit	2.39102
aktører	-1.07972
militære	-7.03500
palestinske	-11.48014
drapet	-5.45860
sette	-0.09804
